EalphaGamma,EalphaBetaASM,EEbeta,EEgamma,EEtheta,DASMalpha,psdBeta,EalphaGammaP,EalphaBetaASMP,EEbetaP,EEalphaP,DASMalphaP,Class
0.840312192872986,-0.163872017395682,-86.0691058447392,-6.6881662588894,-1840.34436364906,-0.0494362781856479,2.02439085957647,-1.54234556445487,0.262763998484368,18.1215372362822,-537.117643712569,0.0731195041503079,0
0.948575191632402,0.259075842228797,-105.738681703326,110.553542368478,-841.648886380619,-0.0195660149132011,-4.33605339454708,-22.5277691514424,39.1636978455835,335.275949747638,-948.584724940312,0.378082917397554,0
0.695922846349734,-4.23052492617435,143.602399850448,98.3842589798587,-933.806905980971,-0.165835471612812,-0.709833088249404,-43.2686253566339,-0.381017177430448,280.359053438311,-531.40992438102,0.38465330965412,0
0.610492975830552,-1.39719883618176,-234.205910141447,-147.856521761958,-433.807891320421,-0.109380800717448,-0.187913616312763,-3.61381635975559,0.95222422131981,-21.1650006263953,-505.917762617553,0.36334082483357,0
0.64557906528359,-0.332492917091729,-259.912398980696,-200.600842111513,-1818.04257684045,-0.126343386450968,0.0507490407436268,-3.47039727999325,0.342245485191459,67.980241055533,-614.128300722807,0.438513215306803,0
0.319734252204514,-0.331398213192154,91.2672815790665,-261.221141398169,-2010.48086710217,-0.0351184472085349,3.11299012705613,28.4524556817916,1.17929852364473,652.529256553293,-282.571951031669,0.343327063216693,0
0.357503633294917,-0.172119227962521,-49.5181841468238,-111.607176978941,-458.491947010705,-0.245245289352334,-0.433263645083956,14.5310399905113,0.487730612099129,367.766122357079,-635.922855881341,0.230643545777581,0
0.539999338835948,-0.284089720269988,-324.508891399888,32.5203836543369,-863.120849878069,-0.0972078335276236,-1.13411671397415,-5.35258746051601,0.335161410893498,106.464209563233,-1259.1537852545,0.484991029378142,0
0.0217576479179343,-0.0170557825446053,-524.17650076322,70.76520968978,-673.59273412386,-0.218513863875248,0.201023448978697,22.5304217119039,2.38428903165801,181.53452246596,-166.58322975631,-0.0439091390967872,1
-0.886586213180539,0.468036139470257,-193.285137017498,175.174113564048,256.853381711637,-0.0813847224570559,2.48566433880261,102.689661305241,174.24816314271,565.981553795082,-1097.5994416207,-0.0649062644711282,1
-0.945857902193767,-8.96537608554699,-67.1367611355254,429.744223121059,450.260100999509,-0.0798136264402229,3.83646485285177,13.8956830361516,-1.57472248757722,971.899682940446,-1237.70484685508,-0.120441378753883,1
-1.18986721242041,-2.97841733203379,259.641348698144,158.431522450406,449.419878610173,-0.0406122756494374,2.50189780836367,16.9232970866014,4.69960606370839,844.025433709099,-1024.45668516547,-0.0372274910205697,1
-1.39444523008883,-0.714373026884699,-186.864567483513,160.934324211128,55.4963450856776,0.0137346178727993,6.10536817127093,16.7676204353354,1.54250816109506,315.319336463488,-1211.17120705992,-0.12997611239365,1
-1.32686510606613,-1.3116456283857,-53.7997096499512,-290.605000005329,275.968562222657,-0.0768299373478099,10.2722615753566,15.9976851327204,5.46525957410597,338.860031560691,-935.06930892847,-0.157619558045845,1
-1.76757427261565,-0.453615101502605,277.044607179521,23.3271982685765,812.543331466826,-0.0501400797864089,7.50572532722362,20.521981978118,1.94593598787334,455.002813173791,-1171.98468176206,-0.131478320213136,1
-1.40773680901548,-0.515154477283306,-397.720833558633,27.5788317021143,202.285763728747,-0.125208892561487,7.86721859388742,13.535052315046,1.83299833619942,258.618283768001,-1277.80960418523,-0.120745998104489,1
-0.973435673007817,0.294470085626408,163.242279256088,-224.675345781994,-286.572136228604,0.704040225274191,4.50056334567337,-3.50796631068712,93.5654516648427,198.343285515928,958.033597131696,-0.316779098533339,0
-16.3935309501398,0.168151505172116,116.755894897407,-564.166755004257,-132.621002124823,0.642792074353558,30.5316945186994,-1.99495459968166,-0.98738108023108,409.717321455633,-273.320997915809,-0.0347700021305264,0
-7.95322073242734,0.113967022070783,384.180305698452,-823.071787939803,888.623507717793,0.684971788201998,28.9148033367677,-2.1894329150056,-0.474171037322429,467.451815974329,653.143369628886,0.0613047860109126,0
-15.1144261404446,0.116127959323759,395.760201682466,-734.672758816499,766.616473778175,0.72922317641845,29.7643996920635,-2.30573021254482,6.4670323558003,432.690719012951,313.119847973925,0.023985096421578,0
-2.29579784027053,0.104211397415507,80.8482857422896,-936.207821759288,293.276328583459,0.861373568967847,23.3614059825466,-2.74648298886328,-12.8025957636433,222.556677284412,538.723456517604,-0.0949069147133383,0
-2.71407807119186,0.136797019798898,-30.2236014022474,-1061.21920074983,77.0639556495207,0.948412800819422,24.7235706834382,-2.45193436081839,-15.2763343956446,328.410962502367,167.443514216659,0.149656118182855,0
-1.80951126948085,0.108178205413695,17.4816894709038,-1136.21087627957,-579.533843423078,0.940014364325203,20.6495059165244,-1.86586864966938,-29.8509179458907,351.464382582008,346.016059480618,-0.0424121209106367,0
-6.3969981551137,0.0995991247720841,-319.472723516055,-644.464533042057,729.243175888094,0.838226935211963,13.9472360832874,-1.64149458343633,-3.00871335250758,150.512040045325,297.837202708937,0.0862224466547836,0
2.48242343220616,0.484081433175504,-347.235569785473,-78.6667503925801,-30.5499998094856,0.365681953028119,7.99975831651912,-0.783268811777753,195.69286200254,-408.899316819892,-250.920772360552,-0.117852096173011,1
3.28182037780057,0.102611993095316,-92.4648104582757,-479.102298442118,-197.169893472252,0.622438658122408,13.4135930189921,-0.390020633561899,-0.436988605499145,216.389041821833,-970.145734468328,-0.00736386693893287,1
5.12956579217793,0.0794785278718938,-106.6513344874,-270.473873259118,-281.198872387338,0.440217135392754,12.608797099347,-0.978639086504369,-0.449842605826706,-27.3787136586216,-134.312801050721,0.0865016237643061,1
2.86846501739174,0.0846787125134384,-41.0444492708593,-171.452593586499,174.730380190891,0.319555463306584,8.6600435930879,-0.816547826418949,5.95568269609426,77.0556707606065,-266.598186194973,0.300356095709224,1
3.13652853546547,0.0925640815554923,406.845635171396,-197.197632692496,-380.988486408121,0.170550398627131,5.51919028725547,-0.809901847405079,-9.44732576884926,192.311197385077,-1210.67252549735,0.333629330029674,1
6.04421643631612,0.117970180849344,77.3599621234316,-195.075849423722,506.406878058406,0.428900143619646,5.46631172409121,-0.741275033241663,-10.8991794253719,22.6361075601981,-85.3573398283006,0.125886036918368,1
2.50229567754563,0.0922661290758295,-242.544438016608,127.787552952963,137.625416466475,0.141392770605927,7.54740795939452,-0.704542907543018,-24.3315649235623,324.116779772878,-918.981370081139,0.238800709674859,1
4.30005915962158,0.0914146274449203,-381.764335484155,-368.047168565352,-243.419856309969,0.197099668891444,4.56651146382609,-0.811145035369243,-2.6620614564375,160.981572629471,-319.525396021185,0.183361579733907,1
-1.17682221186107,0.286378662650686,-199.588930661088,460.919429021304,729.784263649843,-0.204719350821547,-3.73263338152849,7.75178457056278,-0.502992393252451,389.104252066623,-100.911684292696,-0.0156773812256628,0
-0.880214956229512,0.339347608221323,-365.740761819899,560.745735817578,373.665312482879,-0.459268235813823,2.78236355491259,3.19699933439066,-0.870233104510069,-114.338075653181,-833.214993312044,0.00709611873477067,0
-0.935963009395431,0.161106147022909,-258.570332656902,536.943757767816,665.317407250594,-0.542397465590823,13.4319478667928,3.41280796592318,0.208664422764978,51.6708849438528,-67.9727108448915,-0.207548832359918,0
-3.43457669938287,0.198101287117189,-592.135867367064,288.078993437322,1603.21147246633,-0.281373493841656,-3.25189860816023,1.89505606055307,0.157039265855298,108.513887126321,-738.593383526606,0.010279428621975,0
-6.95795276818104,0.0785637376989326,-186.665827195457,573.069893703378,163.448633178412,-0.123407776201586,2.31902572574736,1.84305867685444,0.242564897839714,130.578518550123,-77.8729887278387,0.0381077347199485,0
-8.64472787826062,0.128908880351596,-23.4519236117521,721.915979394033,741.53100133234,-0.0937765631127567,2.91422286068976,1.6803975588893,0.638638668903476,358.145776623191,-716.705354749036,0.00877346564302117,0
18.9503768030211,0.0835188835181138,15.3632369690949,506.090783695825,534.561319819275,0.100446079287439,2.52242949969576,1.82731266370976,0.286499680189358,80.6103819030704,-557.259706773062,-0.0944260034537301,0
-5.34209647484639,0.105510471506681,502.890700747899,648.949998554124,782.318449952008,-0.186503227556621,2.00726728904586,1.47253701095211,2.44029140743349,242.347242711874,-1144.7915436003,0.0126402553205414,0
51.8804517831386,-0.0298391688319472,-39.2467148202577,-259.307058454424,341.364904791886,0.164207441790893,-0.482782958855791,-1.65271168819357,0.0274821686093915,-436.035842171776,337.197654051784,-0.0983481063160419,1
0.250602646609349,-0.0326112148621704,-116.740093113574,72.1789729739739,411.827168156618,0.0896272752337341,1.24062748532512,-3.34877409855683,0.0811841192219818,-251.458998465891,270.771038758343,-0.167798540585456,1
0.256279482614877,-0.0284027001553898,162.485486516938,-24.2268677977536,528.576264088391,0.0746371612321233,4.6956555380911,-0.598543573741635,-0.0188784981312157,-403.705132839943,-32.7171264566223,-0.163786682517116,1
0.359231009997373,-0.0342636902861866,369.077419132804,149.773156844207,346.484449599051,0.0394109098784452,2.7424206199459,-0.107553480519551,-0.00349532786165667,-226.102954111369,-235.200094262716,-0.124988957957969,1
0.204257185642553,-0.00438665580346721,-291.870048622131,-234.372239030428,187.114948693932,-0.0244144536144062,1.19397723739424,-1.54654138960012,-0.0404114661172146,-409.541135635849,-338.224841888934,-0.0723045237298146,1
0.143155080247538,-0.00679375343174856,-141.684030029628,-93.0709146911995,-36.0550713227567,-0.0301571688915816,1.18613186800866,-0.214725470632336,-0.0200955493029263,-154.183249474472,-232.006573660457,-0.146513980325738,1
0.358779465899864,-0.012589124084611,213.360401550157,245.412962135093,356.861245250064,0.0968124663548595,6.14664963404905,-0.532179530004481,-0.0468801239131187,-324.348809542518,-442.065556006373,-0.183304282860993,1
0.382415522730335,-0.0203244836771469,127.318385038197,-9.99571735782774,-242.394910355482,-0.0106911598484785,4.89466704209255,-0.549118850352889,-0.370073836053614,-213.933416469597,-163.580679071567,-0.143135311239743,1
8.95052269178212,-0.389828244549298,-240.007631628338,146.477425551797,-566.130596246243,-0.013638615783593,2.73706858234246,1.45277971016613,-3.62616305089086,-171.76701138621,-1151.30804371471,0.144746436490841,0
0.699383667350017,-0.734032547367164,671.218491839483,169.856650331321,-541.170545086799,-0.127411774266981,5.68024763756295,-0.586958632074283,-0.139852472074274,-164.162526899385,-536.431503519641,0.258175094190223,0
1.03560925625489,-0.140749953451864,578.952786438391,-87.1955483505408,188.574161682964,-0.0512440083388619,21.6607716679118,-0.111598382402161,-0.00509369571676824,-506.185640614814,-519.814777838366,0.176835290826923,0
0.847832088387607,-0.0705406619182786,64.7579398204271,275.313408738728,-483.003017599425,0.0734800610978268,18.7101857690577,-0.695156559177975,-0.0299200161505131,-583.090660776033,-1172.73788155253,0.0759565862361353,0
1.10575634272173,-0.0756962466262917,199.809602109572,350.341271771073,-409.280718561018,-0.0272907020941249,16.5986755318505,-0.244730091534024,-0.0107317417990341,-411.57708262314,-303.468746291668,0.162860532236462,0
1.47972733927683,-0.0454373643094666,355.624447277749,-30.092687352042,-631.826100932829,-0.0273354988728558,10.9548915510842,-0.218621441903144,-0.0138567712582344,-586.904022081642,-720.244549904493,0.0705299708102456,0
2.33891368428178,-0.0556251749671171,39.2537004480146,-45.052275299935,-103.261595554262,-0.0553847566017822,14.5724257504044,-0.379366807799919,-0.03474204535681,-542.657565954731,-421.417412847026,0.115537589490619,0
-5.29383725483651,-0.0346691091161111,-195.75539261083,185.412264457613,-211.171485299894,-0.0668157077572982,10.9390690989682,-0.360057955085151,-0.0281783733482749,-665.893789123342,-341.743470068455,0.122728123933706,0
-0.0981147158194632,-0.0196181909146443,-134.88298423266,-157.596745908895,655.081769984427,-0.0459355985278711,-8.68337875648789,26.5585553224258,-27.8343388183757,-165.197932630263,-816.098100002571,0.187173123048666,1
0.43283969944218,0.566438781874212,69.4733491802308,67.9862945385903,-82.9148913617701,0.199523938137948,-17.0641076631695,2.04272066520612,0.705931694694506,-479.2733233949,-326.899678640706,0.504610233265656,1
-1.1248270539951,-0.0186987707369716,-615.318182786647,116.599308615505,1084.06190965418,0.175166635104303,-18.8575778083102,1.63055510964406,0.0597221654389661,-437.872895493574,-81.4634125462326,0.183825826622836,1
0.191078095198871,-0.00643948756376854,-94.1913645574969,-101.322813408386,50.7275115683133,0.186635146818726,-21.5683777611201,1.27673863813015,0.0464463258794031,-673.1504455302,-117.19098299116,0.239419883323764,1
0.528521332042814,-0.0643932137517003,-554.063009777747,202.526099265237,23.2062128079924,0.0155525414871722,-23.260317945013,3.69685821051643,0.078643454486696,-304.859797856221,-508.709545554148,-0.00827213799850846,1
0.316964350503904,-0.028301095003285,-238.202085874596,51.9643494734337,-22.7534241939811,0.0103708261810573,-22.1601029970338,3.34055533904914,0.0660229322175386,-554.828133692688,-583.254738271851,0.0564081384197652,1
0.548841288153726,-0.0633247753248819,-640.557130124227,309.575760520544,139.412280317363,-0.0319885116674201,-21.8048681654114,1.95856092338705,0.0895004759229914,-564.086491407139,-1185.02957243621,-0.097515664687037,1
0.495406773806192,-0.0428926582092202,-602.006023429622,15.93451124282,0.374911739187155,-0.152744749770664,-19.6839537945452,1.9521089222478,0.10631314113188,-620.686368124696,-707.233848087695,0.0638930708925103,1
-0.0646366342576264,-0.425216682363369,-273.294997470166,787.565389544787,-869.739322672298,0.082590946798236,-0.271515127183236,7.55696836497296,-5.00022946941363,-78.1808156871466,60.6327090979321,0.00482507220263129,0
-0.037362091276826,-0.716407840551351,-781.424709792213,920.343291188814,-908.287616986459,0.455676745638833,-0.101830199646472,57.0432657553022,0.876413290707575,-823.452977853443,-793.346608411281,-0.175644192352724,0
-0.0675970199622533,-1.76477956160133,-278.364446634385,1096.99206777806,-1081.44017520612,0.408630074159008,-0.506260373716366,4.84921178165091,-6.33582825109457,-343.711946853098,-277.94331193668,0.0695772653494118,0
-0.0378801153648362,-0.568995513454454,-384.308988908653,1067.34200996886,-605.093464671685,0.483103874601749,0.291769123950951,-9.37002568385235,7.73261135211042,-273.800517537637,376.627395818445,0.0710963004603529,0
-0.0463639513232782,-0.275795110974022,-616.996350765836,756.307823460937,-1620.04683722627,0.297545961208104,-0.569557564527336,17.2517711702242,-1.3696225849519,-354.909347262792,-870.141852331386,-0.0350045512728205,0
-0.0403585957777617,-0.268458769207872,-150.604513892795,1069.11150515027,-1220.10524558186,0.491505871295047,0.0353227411374699,-6.26725893668399,-2.05053571220669,-206.621943187196,-160.127514642652,-0.0937389166529783,0
-0.0435492578679585,-0.774190247367794,-242.749819068053,1026.7775240572,-1022.52227681773,0.5955982940598,-0.410610381073304,8.93315931108681,-2.21687929898137,-497.130964154996,-124.67175017173,0.0733505509312609,0
-0.0478171886242134,-0.247899599196967,-304.701305438874,1016.86196344751,-462.85594184908,0.660126484180969,-0.280289648251836,65.6515325625146,9.15787322795615,63.1276053301917,156.797765072075,-0.0924895475431502,0
0.099175640596379,0.436398608705111,-423.263857082744,-37.6768274033093,-1165.84248984754,-0.0834585401049599,0.246443512168403,-7.63511365200344,-1.85284094156603,18.5899630948898,185.899676172789,-0.256500064814748,1
-0.149238773292519,-1.48445815963866,-291.68481800319,600.706476102898,-885.815028908994,0.205132826181109,-0.80197130819668,0.523839621333375,0.170644339838336,500.168486038587,-59.348387479522,-0.350233914078356,1
-0.0655073373501975,-1.35724252290508,-137.421298894242,364.278565105449,-549.486398199726,0.0701901512220948,0.635118785487012,-1.91168228002941,-3.49643432095769,352.539123269102,96.4240592492206,-0.0475600695692695,1
-0.0587269102607757,-0.566674966237299,-807.46607958301,408.189470997937,-2145.89426819783,0.259368723281845,0.517429727914775,-5.85479967774053,5.24430776568067,-4.95995436814519,-673.860515500362,-0.0551441518666929,1
-0.102953150683653,-0.432177828822632,-99.0558733065736,434.71590169855,-493.445684186998,0.409115487744113,0.197200111339349,-2.9811332710476,-0.802692839217515,261.273591517833,653.171723307392,-0.0709034479677961,1
-0.147519385113314,-0.443849404578805,-421.451347660895,535.709731414234,-292.209236967505,0.351402856971815,-0.408344863129145,28.6652336371212,-1.38741071621863,179.170371221231,310.968288297989,0.0300036619823598,1
-0.177352040359232,-1.53422753814388,-172.713173113896,526.42460918375,-1679.15996133363,0.420963405425336,0.062932740814329,-1.5150297516208,-1.28656322578956,307.635526067012,52.4865913074173,0.0642601848007947,1
-0.131565622033326,-0.369999569719887,-295.091904857827,581.068145224885,-2002.2693417824,0.397686765085282,0.0590215863606947,-1.05101325841163,5.27588646223,238.209503760641,117.853429160214,-0.044545491138928,1
4.31882131599641,-1.70342009856598,-74.1318016605564,-51.9650712432376,-842.300309629274,-0.227655862386137,-0.869669454724863,1.65503011949873,-1.11960663219904,-357.614678683554,-2105.70734347885,-0.0723755571055684,0
-11.9454745333609,30.0146688279702,324.124857590621,91.4845567901557,-371.400769595293,-0.0162758111896295,-0.606044544976884,6.52478104917222,-6.32357869274983,310.005062623501,-1008.38382125917,0.242046013956803,0
24.9022791247679,-54.8844843446378,-177.418492944254,107.776136178431,-37.8732625819885,-0.0562730276709109,-1.35978807014293,5.72853366231291,8.55412608085921,-274.77901326567,-2175.99643009624,0.321624364374667,0
-1.77773138485954,2.57417724842,27.7654740331691,193.728399570584,-13.8085300525418,-0.0885508394337071,1.44594701475175,20.0049910141423,-0.9742805501217,-265.165267642133,-1673.29704367765,0.382253756494373,0
-14.5665773664318,3.50540519037148,-470.697293908837,69.404941989078,-301.038715479744,-0.0517353055814143,-2.22402537115011,8.84687786610351,-0.912295526415745,-217.311400103727,-1904.06434888958,0.451953072810596,0
17.0164259635429,5.88944753400842,-44.0587901054332,-130.13301846023,-469.449816699467,-0.138637940836795,-1.94223398773201,8.00341959680047,-0.924984476793578,-315.524623494597,-1725.51613586571,0.311990642550951,0
34.7610289849978,2.76488390259515,-233.464349987196,113.283147711069,152.389717118454,-0.0316822527773319,-1.67961339686121,6.07520292648858,-0.790822725407751,-657.24762134131,-1916.00071142803,0.44173789488391,0
-35558.2378179887,3.8208305905141,-320.155701361307,-34.5349727732664,-416.598270085478,-0.0388717509541605,-1.85206673986937,6.62520175035656,-0.896468721305065,-434.053104936587,-2121.36613138554,0.300111843153627,0
1.05745878146832,3.70751790996575,-154.081969375402,-218.618199798389,372.02149303327,0.131050634207839,0.336158581644129,16.4241841044173,1.18942941014159,-274.522506760681,-403.990942866312,-0.0661440376880655,1
9.02299878306829,-26.1933868352505,-179.329804393219,-139.339475244995,1165.50279821884,0.000943586571393151,0.622153260027068,12.2380769319805,2.53997914448318,-735.821019246809,92.9038329397681,0.064211487974668,1
3.23461405208294,36.2804818472977,110.204687711474,12.4889054889227,-973.733051974315,-0.00771910713986168,1.37906985340842,2.21996466669058,-2.36566011923103,-710.186823949152,-215.959391459022,0.00243860730679746,1
9.53833465928124,-2.95405988863684,431.551870291549,-305.702629752219,-7.341349659353,0.0947833931306996,0.919853998050382,-4.75943191230676,0.428228983663149,-537.700192871824,1126.24016500549,-0.0378943184184259,1
2.67847188607447,-1.880003700933,193.328929340129,6.41894519501147,596.894898749826,0.0616230876423383,1.04987630479879,9.42329904028373,0.827676033879427,-620.906726372579,233.144009080421,-0.108068489778286,1
8.89507088112996,-3.74730431089462,-164.664018834055,11.2544784240708,-386.864884617822,0.102610100844314,1.19500953219637,5.39972400707456,0.325104904907092,-512.497499292274,-889.41702252398,-0.0857865120704226,1
4.04946349173272,-0.71015223879869,160.249312678596,-104.462690381062,-343.642883636297,0.214258294912012,-0.0984372377676062,-33.8996485982267,0.173560507042223,-380.852287656991,-209.54648396594,-0.125390188196066,1
-1.63016036856934,-0.466090940084848,-27.659725452575,-10.4574557804626,210.156835578322,-0.0368773631870458,-0.827079868659268,0.00170172820785005,-0.000196431840434182,-686.187340120889,148.739101125058,-0.0615098052011782,1
-18.2706603031696,-1.1883934669715,60.6804458115967,-267.45627873977,-916.50054091974,0.0219850515168614,-0.250809881577823,-5.73352232674294,-0.493293122178028,-500.369029133035,-403.711423164586,-0.103838434347665,0
-25.0299788533362,-4.26913647711669,-517.966586697019,-189.156633307715,-341.497862025739,0.060781341083183,-0.73428897629597,-5.57992107037483,-1.79805405388844,-130.806221578219,579.572216598373,0.195684320721522,0
-84.6824402706268,3.07306188429875,-447.186840262009,-326.743220102144,281.60094013315,0.0559672760463794,-0.991145465231455,-12.3481020702154,-0.885922814061273,-433.061044108817,69.8704124186133,-0.0402294572315651,0
-44.540017884674,5.98023890195701,-283.648713465844,-269.339028890507,-155.059532060266,0.0948377600217314,-1.14494825953684,0.619274820233474,0.0541970201408105,-62.9605156700072,-795.72499657375,0.0849809887622666,0
-27.2019582500458,8.30589311654594,-592.088152453511,-353.387549603307,-166.913325324855,0.129163342990459,-0.733718476249542,-3.27116556044904,-0.313442082471218,-511.233929936468,-81.1960838331561,0.177767552707476,0
-11.2937068571556,2.63106222898307,-259.535611580539,-37.2287247041022,409.377766489837,-0.0175252281105953,-1.14692488021323,2.30775723625493,0.890136539515039,-645.637548816758,-926.898821372002,0.282418160694113,0
-10.2738963405464,5.5233779536381,-833.992774004666,-456.165695735277,-952.974423560943,0.0196137382984096,-0.595809136821506,1.09416303191848,0.686097836753867,-437.973520458369,-839.924435954508,0.0470977495755731,0
-11.9594194301658,3.54764839397743,-896.018714390671,-117.578942212638,-306.956745970987,-0.0780564178170149,-0.104756918291451,2.11193999886897,1.09080404092857,-324.774232129836,-688.267438116816,0.144776769574797,0
86.996333222464,-0.607469928945961,-602.847583324754,-136.539191061851,58.3847837016801,-0.10757277949634,-0.0484314590922548,-7.73015724902038,-0.426288936663428,-1031.23434878274,-107.580412468224,-0.24234903961121,1
-14.2872146459851,-2.66970775718845,-557.369196605028,57.1977175330921,-331.207264807272,-0.0049849664424253,-0.353523414711132,11.247294805801,-2.30043717434601,-141.83796485673,-36.309307346497,-0.113242225580371,1
30.3235040826379,2.32854666434565,-589.508805678604,145.017214857258,-706.042176187879,-0.0941157230304723,-0.999557276670327,6.34996496110391,1.87443118790888,-1162.41527679228,-491.95982878313,-0.260921799981573,1
46.0304744915356,5.90407658245233,-816.177253180553,183.218348179262,-298.716348061469,-0.0243223496442146,-1.05059822089806,-26.71548005162,-0.328252442717966,-396.391330597151,411.214253989083,-0.0786905274327165,1
-25.26604067379,1.65510639094363,-841.025752629728,75.0123366058378,673.28546498122,0.0338405090491278,-0.752901311289675,27.0392848119325,1.90242607344241,-781.110591293358,197.987178261157,-0.0600842533995811,1
20.8081625871655,1.64211727076914,-1078.18219535537,99.4021700503799,146.492512219111,-0.026224080817197,-0.979193387551278,4.18483963521279,0.146492155445224,-625.524811057519,1056.12485664946,-0.116359857647115,1
-857.126211833663,5.91527456494239,-640.65577644045,-333.509347827945,-895.46406676791,-0.0223170716087484,-0.794616203289048,9.04895940417895,-1.35992481232111,-594.17537623614,981.762596867171,-0.0148820452912779,1
-111.930940841406,1.82149582547845,-628.48820189566,73.747657899532,-682.847191165924,-0.0374748969770637,-0.620257208464011,-2.95578386828696,-0.016649586110209,-652.132653721284,1219.39234000047,0.000518682591649,1
7.5151993902063,322.353486998054,-329.229820077853,109.309882363865,-386.751222308025,-0.0178506814572774,-0.983934374332851,40.3309646041609,9.44944456378964,-314.502255522621,-724.364598365013,0.0616894216552351,0
62.7974388142394,4.3275311968143,441.751866574026,740.264874993631,634.36843660078,0.12409703021078,-0.621931932189685,-49.5671282128337,21.3850052775889,-138.108855988819,17.4120034934276,0.734745118362031,0
-4.03648716834207,-36.8005838182222,333.459299507365,811.40982661723,-42.9127768271846,0.084691139715269,1.6220168988499,-7.42053739797622,-43.5025352417934,-555.510337201891,-1570.28706980862,0.813120207177985,0
-18.6555749070861,11.4272301189633,-418.83196321502,281.168671867003,-482.570874229867,-0.0575322398709224,-1.18086624251221,-28.4492077932177,-16.8698054428704,-402.578196928685,-32.9370746587847,0.92931187070245,0
-29.1819553407022,108.643106420665,-191.452690618773,484.79016246456,220.678966067961,-0.00770895369228564,-0.552446046786844,-53.7637649957105,-33.6887771149762,-562.6683093426,-556.669166128388,0.677001841952863,0
49.734956244002,-6.12158110340373,221.926374495077,14.5695783192787,472.902988835835,0.0691407394225174,-1.24393960300691,181.757861308897,-13.2005479499249,-398.202797093945,-354.012903531844,0.582294236041135,0
33.2783973207716,15.9134904292809,-6.2993948275107,64.9110068354275,-504.122006426176,-0.0304251140198684,-1.89476803851351,50.7424081359551,-16.5522831344623,-109.179189117431,-1079.82605502568,0.696353563492072,0
23.5980720459073,-105.768657346601,-182.815193954162,349.590002793268,-783.852136519416,0.147321394106095,-1.28766257972444,93.5516633330716,-9.44539677068968,-803.737791936621,-701.208692628061,0.756890922192365,0
69.3621225940924,695.161195393049,310.946534908133,18.9185830286242,-666.130131004487,-0.148413463207373,-0.253516907107512,47.6854959318398,15.3651346351,175.323069807026,1474.83212708771,0.0715650744300289,1
23.7487877936318,5.61640978076942,-237.836231013436,-245.911170408124,-1323.68553369853,-0.0175507914401067,-1.5554414413353,39.1579083638984,30.921892657524,43.2329684019041,305.4185925208,0.436388335763533,1
29.2481428556079,-55.7875435596453,-16.691169613503,158.559840000757,-714.763992662811,0.0864392151887801,-1.71950260939557,40.7888789636143,-58.7502717456336,-212.579455445431,670.725543986138,0.659263208342934,1
17.4400849675034,17.2472152158743,15.7525725009273,27.5549640479203,-1058.27556277117,-0.00599957371921533,-2.38041901925322,29.9622522900107,-22.2733491746942,-87.2318218750625,694.73377326851,0.582370645728205,1
17.3282314749021,179.744776417738,72.2957853713669,145.340912028723,-723.523302869067,0.0749579624567733,-1.93416103837239,35.1153211686432,-44.8062880723925,-89.7489765478513,903.764723300634,0.64865179913303,1
16.1769703598918,-9.51934393669188,-105.571698542159,-411.617437937379,-427.588500690676,0.0957931474424805,-2.46255672862044,33.9973910320046,-19.2048483575191,-130.727569885697,660.458671046206,0.52741373261988,1
17.904244762325,22.8169934883636,-430.093765630139,-238.780450616565,-1039.65480329054,0.0200247477373172,-2.30500674509514,36.270780099054,-20.8814292122556,2.78893145799702,1230.97399530408,0.34148230508729,1
13.2853217368868,-108.914832959036,-164.134257547101,-220.537615022333,-859.48039166092,-0.0023111711744952,-1.26445959471334,33.5924829201454,-11.7620990288508,-101.71724801478,1112.42776152015,0.169943943106347,1
7.48689824941011,-79.6312716070635,-389.160294102367,92.0903657858689,921.999665421907,-0.0192403416161699,-0.552522199400163,-3.25470050567593,-0.208404943957047,439.214713570645,1315.1037616011,0.0954911400796634,0
49.3390168536101,97.2343450068835,-13.0295476688661,-230.743876357421,335.736048662016,-0.0110706956650031,0.289302300073573,-17.8812516338608,1.63359825444659,185.120432250107,1475.4810285193,0.382982559720317,0
19.9219821451935,9.82123057276074,-4.46980726080983,99.3953593792812,182.181957170291,0.0152140297972743,-1.71601469728654,-306.723622610894,1.76540605198054,352.275062629342,-74.6520064315991,0.39138801710182,0
23.9655800762614,21.3691422305038,-69.2869491165657,202.991792818071,1008.93845317538,0.108028588171749,-1.14597208256252,85.1009220859469,2.08751161346654,364.79338567474,605.571288300534,0.321834724468401,0
23.8205520987332,-13.4748357352785,-383.749207529956,-5.67081318619239,-747.494405981917,-0.101863666367215,-0.4313806645056,-89.3228090716447,3.41777999021095,200.183396258613,810.835027107812,0.1512369223579,0
-469.793784491113,17.4775168196774,34.3719820431106,8.32733674566407,-1358.44089607791,0.00421100142894781,-0.775013773213952,-38.6046098804259,3.04331802547375,246.830970725321,-160.487527300947,0.219006737607993,0
11.4464674450915,27.0293392089241,309.021391088027,198.946836090308,764.374673526589,0.073841420896215,-1.49166449937134,40.550163779167,3.61875894666283,539.244758339632,384.280112882539,0.00634100291800999,0
11.4988285359947,116.875940104214,-143.372156616177,-9.78815550386753,106.560854764277,-0.0251275763686887,-1.5648785967401,-22.1744609668709,4.48736563188026,-54.3889682625213,489.236350079706,0.165198950701277,0
-33.4086537651359,71.7663540634238,-135.267725837144,-320.850276213889,-643.182121152058,0.139431927294198,-0.044844282967353,-0.642551683074438,0.0952992413016081,150.177712250304,-606.955325883126,0.118901809761565,1
10.6710433942954,62.9048522557986,525.209988009545,-455.3263341068,-1042.15253877412,0.0274627073688678,-0.285415291435806,-40.4328757503926,2.21450244940365,-20.9270787647874,63.2406648468641,0.264366019208083,1
10.2287107144547,4.85625617979106,84.1430465241283,-414.746370859655,-701.795204337137,0.209792184630011,-0.0800514300055513,-116.869616808835,2.29079545370791,-229.826021245566,-209.74881896051,0.204068419634547,1
19.4686140533692,16.0634922576288,248.199798480018,-234.879618991345,-1283.92840513751,0.0963725874685046,-0.222512976360124,-554.379608906031,2.98969919202566,-513.818988473628,752.136940622699,0.284550047195286,1
191.363646602553,-12.4613208734164,498.597498975681,-275.239117581415,-2472.31535268059,0.218699240043266,0.327292578080047,-77.3795914541002,4.85651837329371,-112.315916159328,-582.745920834885,0.29839328718579,1
24.776997765287,12.4486672161909,194.779378556072,-176.182619555444,-247.285949624991,0.129981894224246,-0.0473069318481292,-150.233496287913,4.41051250760346,-311.965239723664,-254.963375127103,0.321694962666644,1
-2.41449806208612,13.5751022255149,26.2613559504989,-189.225007852634,-1938.15424004649,0.132185760371516,1.5462898224191,-8.65619050203323,4.59062064514133,-423.768113597425,195.292047715669,0.565182988907337,1
-33.0429411438402,69.2901169846937,-154.780360860092,-341.940729852235,-832.105599827803,0.0344958366751431,0.0491462283912192,-27.7887605791762,6.2394383402701,-94.4648768633797,-176.607086330861,0.303995598593579,1
6.28021252355462,-4.94189535387618,28.386906788699,392.546312214647,738.280074816621,0.000648618376794197,-0.108637703249173,13.4932637538159,0.459115755607309,-217.347506176968,-990.275398924625,0.0380491768769287,0
7.83925352863954,2.73401706379698,21.4530447088,63.0141018510913,-299.051171694873,-0.0437348978433922,-1.06602918321027,35.1757413074803,3.0007599301035,-714.327785609323,-884.531486550308,0.0147026679998459,0
9.98819943041845,-7.90408545695781,-230.236475278762,-104.418980692068,966.526445430782,-0.0854124591597525,-0.991348075961308,14.5927791458653,-8.6805413821986,-324.237517003859,-549.762347851678,-0.109768897631248,0
8.61736871352399,-7.29290089899843,-229.509691637717,316.26155859732,436.502028562039,-0.0751092175661763,-1.28366262402041,22.2267847399167,15.3464090065393,-562.590221611241,-315.715965914098,0.0323781339355045,0
95.6055851221888,-8.54589455952967,-3.82403330587113,246.75332346627,1220.24700603126,-0.133506681541655,-1.12858993413325,-27.7550737280473,11.25159536665,-525.63406448131,-403.059355765805,-0.0284820373636752,0
-14.1489752401093,-27.9869016487697,280.64879342428,436.53910206533,-572.824662865974,0.108005758307232,-0.293900797901435,-6.14064999386759,3.55780023656087,-264.485501319474,35.2774716013919,0.0682659661899923,0
7.730094660015,-4.70695058764921,-286.260325250252,38.2178427873696,716.912209881853,-0.0141839221024262,-1.40461314025971,22.9268872553306,-100.442728173173,-486.127248972722,-411.704561321845,-0.105817964912548,0
-18.6696246812745,-18.6367071591039,-71.3247802984442,156.029757206579,-819.297945711654,0.0143084728692195,-1.41727677839045,-186.311370125882,5.50895413375385,-552.445042139021,-674.400752068717,0.0588839834520389,0
1.59322530440074,5.36758646612877,-649.660602435137,-216.639880088376,1906.91790539126,-0.135189297812631,0.0519874428936355,4.71234184299277,1.12181298272326,461.897107160994,180.435459900667,0.283860625025087,1
2.75358535554722,3.68609146806713,-522.423516079305,-557.471390825311,1590.49457412736,-0.251782016213814,-0.956952158161978,11.4382269279094,1.80172176935569,-132.466969977733,1369.93579045173,0.205654444454072,1
2.74005228384436,-6.93141182646677,-709.415724524457,-356.629107378041,2336.94643418589,-0.232859700573188,-0.889092758287252,5.27842203272664,-5.28900439261258,472.237019145703,1281.59149612646,0.262035694147287,1
3.24134485618845,-6.8391991434312,104.517882924089,-153.577405701935,2781.63683791124,-0.213367343300424,-0.188893119875662,8.74888683017249,8.11867570151871,26.5140708864601,451.707144898699,0.296987249116054,1
6.88585870040366,-7.82071080075566,-402.133740514324,-347.410291658123,3408.57078461535,-0.168168066764008,0.0186310350975378,8.25176907539803,6.75234764277288,471.305631179439,730.920476039142,0.42062065253922,1
3.45241189367506,-36.846394790093,-362.712736320269,-209.713004060244,2126.00768591744,-0.140836711030694,-0.770229043711704,5.34995024047343,3.02250976556658,-6.88799548784664,548.798865898441,0.269929020631659,1
7.456306984212,-4.92890633717823,-745.647796613812,-146.376902344349,1893.58652762933,-0.277214881690836,0.434293095023156,8.38876508074601,-64.4212153252707,71.1454694961776,690.8711661486,0.304393674105158,1
2.24942927842083,-11.3367684195499,-732.289277521693,-364.179637153604,2002.48979484064,-0.129622252544453,-1.02382625329768,5.2208554201724,3.31543429467723,-108.669183938524,878.099481721083,0.269378157300144,1
-1.2484757065528,-4.16797743340203,132.179198454409,24.5835151924257,188.580072037679,-0.217123216391775,-2.39812060796463,-3.06115479828957,5.18181224463585,644.537059222714,-40.5642445915018,-0.0319416606562455,0
0.730366204576662,2.39582201997676,1.83523213106855,163.920094265355,-1255.31044570888,-0.164260710045653,-4.46441598676567,0.925666890457159,-1.96515354053821,243.426900149479,-505.57691638486,-0.0930409124478777,0
0.484103034882438,0.59779626294195,-20.0511169108286,30.9938404779641,40.8782732279687,-0.12321353594956,-2.5411912740276,0.790475398539171,-0.740378781261397,107.335178421908,45.1731592952347,0.0433520992207941,0
0.521194572298231,0.691751970704893,382.159174891485,41.2783812423022,-245.716517269617,-0.168411144895064,-2.35582736131284,0.564450276941511,-0.57167849484016,953.533436332698,182.545413154228,0.0904547952839301,0
-0.0146277068775198,-0.0284536261363139,-59.5397703563212,-100.137433386068,217.370927606244,-0.17759890072966,-3.08048807907191,-1.8980212515904,1.65955095047738,500.848585961825,230.7538801354,0.0628088724627958,0
-0.015379381713791,-0.0325088279693036,190.764895696702,151.673425824039,-44.3971933986322,-0.201472189579737,-2.46395325822426,1.06197290385758,-0.657748874250919,440.769463154793,-136.599459271383,0.0831258212973829,0
-0.426041760490183,-0.350214783646391,289.047788583362,108.774712315404,714.838655629781,-0.139874231109079,-1.06018808091974,-3.38402682418416,1.62218234501136,281.197261770882,317.908140285621,0.196099767181969,0
2.82766811068269,3.06416681786312,44.374559560194,-241.274162374153,-380.734509949083,-0.0200886863056149,-1.1899670673338,1.38606471406646,-1.4483627680456,574.695821048401,76.6986373402597,0.0772497785232147,0
-37.5370074434791,3.75866624640199,746.849977740974,246.653408972861,-1593.99679443112,-0.0743282626753472,-1.40152987473645,-3.68295874931794,-5.94436276044134,29.8972841719533,-431.172149484948,0.0722289653504145,1
-35.7243100545657,4.8056519421279,628.4675653097,88.281510200648,-98.6634963102479,-0.0962973267362837,0.0364384364272992,4.44936527792288,-5.0953341548229,-163.219508402024,-231.17401861799,0.136193637947106,1
15.9144227852299,2.34188880911495,432.960494115025,57.1157785099895,-1056.06096442445,-0.0552934536593859,-1.0477545288417,5.60125201664675,-2.29988002736674,-53.2490629761214,-745.20548522599,0.27024877856401,1
-97.2191060525672,2.21961869932254,113.814005679917,-126.830732430433,-539.033931201804,-0.00927715256035855,-0.937583413502025,4.4341053669586,-2.99753285369143,109.519601618766,-586.488156833804,0.141388876897062,1
462.775567254863,2.66265489516346,93.9309928456278,329.831819467032,-1440.54731126984,0.0562802666266746,-1.78885036699175,4.33657330942738,-2.20893949312272,-269.864899350268,-1080.16357149562,0.0996786277366428,1
-15.6060404925751,2.99512736835231,563.849217165453,70.0078549212958,-769.511333446128,-0.00611356401198115,-0.391706948897967,4.53374655042147,-1.85472153033438,0.503261793124693,-180.641326008139,0.112016482726911,1
-8.56582876018883,2.15637676462042,320.884276507337,73.9354769652109,114.823954112704,-0.117239820488406,-0.959748521913186,4.8974230744423,-2.19856265508004,7.85010427638008,-479.630025847784,0.13497690702485,1
-4.66125872324248,3.63303629870634,661.247762409228,47.5792594614704,-974.116858468022,-0.0685098261568915,0.0311859435677322,15.1925590582975,-2.40811892902536,193.346114518929,-478.041362317175,0.114724700592745,1
22.4830998807978,-9.71640352606524,-77.6466170473468,-213.699425763287,-1003.54189358762,-0.257164496967101,0.218292286521563,10.2747222792762,1.93280431722349,-287.835610032749,147.367501987042,0.126373900380043,0
2.23432757635776,-3.839815912064,-361.506038690628,-68.8920264102671,-493.31749251896,-0.2145287950638,-0.65075360300506,4.50940825702911,5.71275907648388,-400.029357616584,-370.017712924126,-0.143987532096522,0
3.79929267058306,-10.0753943092626,19.9320729630654,236.463253997923,1317.93991681469,-0.24512286021317,-1.22610171224717,5.02695924834874,236.378013092364,-517.270485001094,142.905214304597,0.0979447820377359,0
9.84490719323301,-6.94811439793967,241.971202058307,87.6602733309064,-392.66737298205,-0.209319789210019,-0.974981969046023,5.81416969439366,-6.22357136007532,-146.1863749857,285.713158283494,0.0155899960868726,0
3.9072274817524,-1.11116783225135,351.70241865115,-47.9551527673011,-1990.40351331137,-0.24422982777486,-0.847891130892409,11.4135828093189,8.45695532490812,-592.101365960185,612.8092795629,-0.010103531518425,0
18.4494314396527,-6.91053562094167,208.517288162577,-148.229006268242,-489.712975273032,-0.126804524710045,-0.893353380672277,-22.5387339468889,175.275108980014,229.045434930043,143.849029345967,0.0537266633188995,0
8.74004345332484,-4.14471247821439,18.197347962936,84.0615909284443,-878.442225458353,-0.244513659465133,-1.1511414201071,28.3436417832658,50.3824502847281,-338.868990276074,408.484837759466,-0.00479423547403202,0
8.25723786369269,-3.56764945391404,42.1814610355977,217.941272699154,-275.95460502521,-0.153640715042628,-1.2734704021698,18.3400373240963,-8.9707935589127,-487.205256448695,616.061815642033,-0.102170709709716,0
-30.9786799712636,4.06356410472118,-72.2300698546314,-45.1644093252198,-389.404514742106,0.0988370715504585,-1.25652243512621,7.79441178884089,0.912097242392053,-32.8137163794145,-223.361915676733,-0.128810664343204,1
-20.3286404538242,-6.53786397217573,-112.412559148914,50.4749717019076,-1426.93372029791,0.150881818853626,-1.30117383037572,10.8274525312922,3.3052484705639,189.234268013341,-237.054605838395,-0.151805073613861,1
-1.92281378382942,-2.83347301466679,-261.817916627031,57.4563637838346,-2617.02841522317,0.1213129459681,-1.28784677739789,9.3836251493612,129.668033416256,109.664649873521,-450.125037713338,-0.0610722812569204,1
-22.880198107203,-8.48715184790637,200.706592405922,211.322224681424,-650.284527868971,0.225696797799595,-1.08228531465625,6.63481242419012,-3.91712891214148,75.7085561442855,-445.801433515966,-0.241407319774487,1
-16.1347282792625,-3.69879599639588,4.30368710506445,64.1307619761355,-371.258306359719,0.0367852619963251,-0.851209922187402,-67.3372742879344,4.94609588250251,-26.8674871746371,-329.136369537968,-0.112210396738995,1
-18.3240827066243,-6.27301565267714,-102.77145523018,236.859883224213,-643.236116353462,0.0995439398286924,-1.275162931167,14.66774854906,79.4694946709883,27.7669986924629,-120.155963033209,-0.0185512788866855,1
-31.0177878824085,-5.07144738126511,228.730370150795,-113.208824095858,978.522302825295,0.0747994805125811,-1.66604094741528,28.5166998172842,28.665699709488,233.376723154077,-379.652488253882,-0.26712102562698,1
-4.97987055288174,-3.2944564893395,98.2066178878576,-181.339555472008,-420.47450915321,0.153954252772516,-1.32148582191543,-6.16639559231058,-4.8571794976651,-199.257412208404,-75.4147884089743,-0.0360148694141165,1
-1.27066067306736,1.35457971669502,-385.318522366695,-156.748873447825,394.194529795393,0.0594308084235173,0.00820090635537563,-3.29783515641198,-5.31016328853466,-135.799248354349,-84.0016902275547,-0.018228105604813,0
-3.9533344085658,-8.47271312937961,-207.338658239383,9.32784437316695,-702.457423276666,0.161596642982651,-0.104711025726591,-10.7647175736191,4.40241934810081,-64.9098326162784,-799.612251213568,0.157306516016983,0
-16.0539746761589,-143.201786036785,-677.680543777344,-317.821037493122,-1744.27262620031,0.184705781767611,-0.719034958005198,-7.95829194768421,-39.9903204567493,-13.2498740509709,-394.721025964254,0.338163748820407,0
-17.2433584605946,8.71752653499427,-116.129233461659,-159.144197130981,-705.117074997099,0.057856046532847,-0.581704664334366,-7.53745327646973,-39.597415429405,-314.144777328798,-793.749544670323,0.485448879127453,0
-17.3419214063005,15.9088296614038,-282.181389603369,282.078888217618,87.5321002956698,0.124576788811411,-0.822811712342745,-7.31977139038407,894.23889238248,-507.379284606479,-84.2283107643689,0.361824414218501,0
-10.3465883932115,-9.27253939702468,231.058259678461,-206.85920152881,177.479555840124,0.122642209230666,-0.331995698851605,-7.34038758244695,-64.211079162412,-305.570560902857,-1006.62960587211,0.211472375188186,0
-19.5770964948357,-23.8474817970921,-421.996115899708,-336.696945287718,405.394352523665,0.0530140388034519,-0.63313157084903,-6.50585050540241,-11.2766122374627,-19.7463539939563,-946.799707733395,0.328751667247778,0
-3.09924844378755,-31.4576899370019,-130.189849815359,52.1765470175214,123.247799961064,0.0302426996438365,-0.383221537980537,-4.52093514544144,-33.9495360545271,12.9918804437184,-660.1435576651,0.175932821730799,0
-2.77324895163566,1.96331085208555,324.408242927522,-433.856652099259,-1572.39644478336,0.0475327215519297,0.109348669070678,8.76591053090956,4.7874688164001,-299.794397889236,5.58501878568131,0.07089769757218,1
-6.4688780167887,-16.5612813280431,-14.7548591776158,-97.603981517108,800.706340944766,0.236762806642584,-1.06587269420036,-7.26145567443864,3.59849686664088,290.666687412366,272.981138633306,0.371816391427186,1
-4.7965381509355,-251.033311150699,-177.829222047407,17.0648788255585,71.8369207225169,0.228114143611972,0.0115739659881831,-8.17889937996204,-30.849054101719,123.173076697336,377.099703147929,0.256587057947609,1
-10.805310387656,12.9542887654113,122.159120041175,-249.336197644712,-180.761886337377,0.0407531094380011,-0.540332396751552,-11.7813022257382,-29.7758125179919,-373.776426025606,217.318963908274,0.234627769109842,1
-4.71196147761544,23.7947816780876,202.123633123076,-40.5073536446671,145.320149451753,-0.051265428739,-0.443822720989848,-7.41483859271468,681.889340022547,-199.938157705874,26.938286712204,0.240507525818194,1
-7.02654762277082,-20.3455048282109,40.5812815827121,-259.028420830462,253.472127699511,0.0136654531712268,-0.425683303482506,-6.26395717765019,-52.1761405407034,82.1463551854285,383.662296677916,0.311891713901863,1
-4.70096030571125,-36.4001891301209,-25.1642063256404,-242.28183017873,979.61527306907,0.0544734511037634,-0.546620070341352,-6.16148423096145,-8.1778382429966,-264.145511306288,906.812204255824,0.249686462341379,1
-4.50535806669352,-65.4743883623391,-8.57766858341165,-147.173444471046,-729.675091856696,0.274076899180041,-0.24795955164477,-6.79718811562337,-28.0775777384728,-348.501097381362,590.614600184947,0.176050354944923,1
4.26510355554306,2.44796033824152,63.5039232289164,-619.157732846466,-23.2292566553078,0.134217909409643,0.498276964561212,1.05441134691107,0.296383242564483,67.4949013971327,214.104772958086,-0.0380356873283363,0
-7.85363050579063,-1.99330175921841,229.844454633856,-125.86811840163,-865.168321915411,-0.0122932061487837,-0.186449108173411,6.88855294656707,-0.935690463831398,371.022858913837,-89.2761585849512,0.174841974402072,0
5.32654417399264,2.0460219376345,267.41420004208,-171.052395902962,306.45199801062,0.0491272242941398,-0.780836095511956,6.8482193998964,-0.268314163614395,-75.1945325203542,-174.143402319567,0.0752665622451161,0
-0.990964413111287,-2.4510141287981,343.894902370312,2.3742217928866,1289.14252358073,0.00469381010369063,0.0337320174841684,6.38072539235738,-0.682975369585539,-125.449034770552,19.6568115084228,0.295711712209492,0
-28.1065869862104,-3.8870790027604,504.57293437073,-204.489737467957,-1034.57192024602,0.0523689460081691,-0.457640225704777,5.61684917734912,-0.240902654447497,-41.2973261381976,-65.0620279786217,0.0216559803023657,0
-3.86938162908315,1.39625439261184,149.160239067647,-150.818100509632,-496.132313722128,-0.00911956263950287,-0.840872624858519,7.12231951427745,-0.235822742239228,338.178520984309,545.872083057933,0.108915483869872,0
-180.556432288907,-10.3570180941415,282.155621980446,76.1739052782741,-678.340549156941,-0.125045895646273,-1.00394354835433,54.8002438822383,-0.270278935404417,-140.802741471331,325.539540654845,0.218875897256352,0
-3.96373715402261,-1.2173946758675,-43.6654260647847,-15.8472584228148,523.799728734637,-0.0397452999124592,-0.372605924684438,6.84979137987858,-0.280876237985532,-42.635761948377,-477.784663178827,-0.0933886480754316,0
12.9019249921699,-1.43587922165219,-87.2452950060906,-9.33522279385215,644.555154028476,-0.000602666656946971,-0.415557515676611,4.79573905792046,3.45957364670415,129.656567198364,-411.540821109076,0.0815260464097247,1
5.17775658378506,-6.22007254477837,-113.89100627054,-242.7647850003,-674.1163306007,0.0810015400234378,-0.0775079749353877,9.10893067961208,-1.96394583676148,949.991008151335,-462.472379222292,0.193248378115495,1
-2.65783271945225,5.81318327713586,-349.856794737883,134.138520903784,-781.212028492751,0.10589871412974,-0.285389735840528,10.7437337519116,-0.892682874475426,152.186130792948,39.7229999438732,0.332576266597175,1
-3.24651279165443,-37.1674556441964,-218.974748911049,-133.243274382252,-548.111961752189,0.150297931551155,-0.51341467310484,14.1981083140039,-1.90528469008753,760.603168072497,121.53551524769,0.280887340547598,1
-10.9364315937382,-23.8869249229248,-117.574985938523,94.2226576549037,-729.072514334774,0.112012824935765,-0.443986283456069,11.1113111898103,-0.811823854405536,165.180573874861,-216.487849481382,0.207882428037434,1
30.5338122025286,-65.6619782543324,-101.984238340108,-51.0366550329381,-624.793654443618,-0.0495475082062324,-0.774990184049226,10.3605411461236,-0.702954704078287,410.381192692139,-340.194968125898,0.262648907506591,1
-6.62969352481858,-10.2771684449781,-250.424804019896,326.874786285451,-712.901790471711,0.0356157077208239,-0.893182299093422,15.3498541663502,-0.597491172974767,355.090844749746,-460.676238592008,0.0830655736443808,1
8.98973251202295,-2.82677491634994,-403.88624075231,131.453925982325,-305.627811228507,0.0923547870016184,-1.16444942662862,8.01933895714585,-0.736944908416947,583.361406580394,-201.211986844233,0.249206364033423,1
6.70583543466845,-0.827508122698882,-84.2099797608735,10.4414249952406,-2066.71780421327,0.102134041209516,3.31276415244597,-2.44876121777863,0.416751862138191,126.280753470744,-568.963396121771,0.168999176062,0
3.90882650653349,0.873970856244219,-88.6508836383091,127.754731225026,-1717.79565503943,-0.0393323735212991,-4.58261807424934,-12.0771550855605,2.50476885216135,345.196554755814,-910.528613053073,0.605915948226497,0
2.41642367428631,-2.17251922775527,-16.2939050471832,110.677270674694,-1060.27049203315,-0.187420904873265,1.72942594718471,-9.30478564820418,-0.793940610076576,196.867649853622,-522.076895848251,0.629175093742341,0
2.3365089568636,-3.53038899155526,-226.971991442804,28.7611728772827,-1276.31479699552,-0.170528984491478,4.53914813459532,-4.19199955073096,0.831935739411425,54.4636511706158,-738.60461443034,0.608702215988428,0
2.15842534817845,-0.546754638792114,-256.413568336078,-120.756372842756,-2007.73374739657,-0.186734982526101,4.49016381830456,-4.27712217281146,0.415497167733649,31.0473181498837,-340.461020182243,0.636955851533178,0
0.980052443944629,-0.292966966637031,-80.9013764900628,-211.512415311976,-2180.40661423159,-0.141216888069398,6.52977267720678,-46.2808731719949,0.714315912773814,661.47372643482,-148.972571847276,0.565694035822335,0
1.26259115306903,-0.183596509553158,-34.8703306063726,-97.9527620112021,-617.348877672503,-0.279330850634748,3.8865275925639,-82.7457515632182,0.60910329985679,362.085165438704,-120.003830347854,0.571105763251082,0
1.93307575154701,-0.402412080208731,-374.539337290311,144.669653286617,-1340.64467775829,-0.0787836222090803,1.34647742766843,-5.37676211293823,0.47501286470966,223.767082205493,-1437.90217523879,0.685075739848522,0
-0.0993630126753159,0.114602740288868,-425.517196510948,51.0782302600128,-630.71225498075,-0.228049795820426,0.00976530535375453,29.4252714362144,4.79355719891583,74.1012810544889,-97.3310010648347,-0.0254072356175734,1
-2.2064609828328,1.90146178953626,-131.328702917981,267.590607428323,66.2725617366523,-0.0952778300541532,2.37235351194248,28.7553690617979,18.2551049828797,607.747920189406,-746.737853252154,-0.163424154286685,1
-2.2431930608886,-6.41348584445288,79.0056499601305,446.898003332562,467.284407395422,-0.0601964741766934,6.85826318491328,16.0972135522567,-5.74104265929261,1022.37388438847,-1493.13353556545,-0.0983068676758494,1
-3.0069965528624,-9.67075185779342,203.961872174099,144.20851542998,490.424293539534,-0.0440502241291219,4.04439231214203,19.9978436219002,7.36921100020727,791.553422506631,-941.463628122237,-0.0861654391759274,1
-4.42525417246132,-1.54344752053923,-125.781915418094,214.555127069358,54.8844196279279,0.00765820185470467,10.802732688478,16.9523580780107,3.02573279559976,327.339700617036,-1456.48765969761,-0.0827097863955211,1
-4.25884968272802,-1.24945986764104,203.793021388901,-242.307032337023,537.186507896913,-0.057785738916067,16.0517214304991,19.0794907727903,5.34481826434851,334.653094935937,-1107.39517090924,-0.282306499474026,1
-6.31475519483995,-0.661401064916746,459.578024683291,78.2993733843978,1087.8411323601,-0.070947625446824,12.3624538010378,19.1397786028799,4.10855657769991,485.614672830941,-889.324452178769,-0.162032094263957,1
-4.0470701682104,-0.911335585221557,-233.877255168887,149.108283684825,454.033988025596,-0.128945284405813,13.2111643382942,16.3437330286896,3.69712052651528,388.176387183874,-1301.85005966334,-0.229842638013716,1
-0.826292988117934,0.579114060038172,279.452822489568,-272.293586851392,-85.113243396745,0.307025101189767,-0.161379487988262,-0.936751687881349,7.03219521735456,340.077874222636,425.561426798478,-0.0353547920449322,0
-1.92816645618101,0.140354422528826,39.2922190528516,-626.599717203708,-414.684619913278,0.246595474658144,28.0202286728894,-0.814750217352853,-0.507867850224247,598.104199648438,-499.376020646259,-0.110057183363719,0
-1.22022940441093,0.0661054312158148,191.051308948952,-665.853098296302,568.99235210187,0.286309701665601,25.6314824933604,-0.978629772992916,-0.258357623865658,630.735567257585,309.785599903877,-0.0844490050430022,0
-0.837524624958839,0.0471293041844884,232.256403553776,-582.316336093791,727.726795978664,0.361265666030332,26.029321065583,-0.737773795920386,-0.447991693468634,629.458336019659,27.2597293845083,-0.012660746602279,0
-0.80619072705348,0.0669492070827402,-108.323808602079,-969.459926989703,387.027384409312,0.489063065447382,19.6434790646958,-1.42698421829757,-0.723285289768119,377.3877946254,369.200795844177,-0.0110974904135785,0
-1.39184376244734,0.141776685886505,-65.25772402439,-1011.57840931422,-20.3246366817893,0.527533941170465,19.9023420155293,-1.11104312413776,-0.600828058520054,559.339648330224,-359.78489401275,0.120571999496576,0
-0.732964460594799,0.0877208282959282,-11.6538192863572,-1160.07495104752,-552.420343965134,0.495904048196639,16.883106327517,-0.982698090666549,-0.549175854623288,494.274782109218,178.623747404597,-0.0180344514125061,0
-1.33808068360832,0.085755369665543,-451.969496248445,-496.647973217494,401.530318814954,0.455750696527347,9.69321824690322,-0.810091255286011,-0.429181750856506,309.693169731518,295.116560516763,0.0466644233440445,0
6.65376418746653,0.711321482941122,-338.244483815459,83.7152520566597,-41.7675704371668,0.156640910392098,7.25531826259594,-0.507619017115216,10.3192784378583,-336.968820593582,-587.816369042457,-0.075051993120423,1
-41.8006367238556,0.0854182465263991,-334.550032463194,-220.099900917856,-541.141822871787,0.45662511780801,9.64592291479142,-0.147401224138697,-0.147463020377675,222.701191466331,-1023.49668942955,-0.162865203369781,1
-19.5928874026278,0.0684930315085244,-15.5973750493322,-124.73677835886,-273.066310604914,0.218944721616864,9.23341261422171,-0.605152654055457,-0.237431846451474,-5.24837876319179,-296.975761357908,-0.104039031601969,1
-5.97025300840119,0.036166540349477,-6.86130206673624,53.203718330471,69.6442172569405,0.29891971194053,4.49165489065519,-0.719568096328625,-0.742136548513845,82.5302627070541,-774.261272114205,0.0182245392077758,1
-8.76726979963994,0.0262506057423696,197.626921866544,104.47064112575,-564.812086876245,0.239904662152022,0.380545907605299,-0.77391524346287,-0.680575213221732,295.743698453727,-1386.07639234012,0.107838180925229,1
-9.88953883629782,0.0804595878272543,-46.4397348531402,39.8221074546891,-415.541337568617,0.257794102050026,0.175000587410366,-0.55475151117654,-0.509363044970208,41.3875231940074,-328.766588948038,-0.0652759587795795,1
-17.6132884454852,0.0365764596963224,-91.2606307347341,111.309665908215,541.239421730797,0.0875676579345042,3.08507852665546,-0.479722803904211,-0.444439718922409,342.349233785031,-822.630446049538,0.0400909684627937,1
-5.39293950095925,0.0336586504278965,-304.437208143878,-193.130269163295,-215.184055211901,0.169241031900559,-0.75196749138658,-0.553242604263669,-0.415595930411235,131.529463417372,-367.512142099062,-0.0121086730618161,1
-1.35279882191458,0.815132864324018,-394.746904223697,592.820510230189,651.167299670811,-0.187620207215662,-5.20648740800307,13.2099195261746,-0.992231298412315,374.10221705263,-650.241031934955,0.146728803776406,0
-0.942180743090967,1.10275068163164,-506.775693822632,633.90415198765,-177.52256155298,-0.328580174977596,-0.19641315876428,5.01951718788855,-1.26213677035525,-125.732774421815,-963.531750501132,0.263909491226777,0
-1.22067198692165,0.338120494571901,-310.514720404977,471.402603893923,90.9941982951896,-0.264056950473758,12.1951664100382,6.06848111317159,0.255293910225563,119.893412328454,-873.357025589981,0.0484456359392098,0
-4.48034792905815,0.318278846698504,-730.38722934267,372.556978051414,1057.98019895488,-0.107557597389492,-4.48207329759304,2.15187263864487,0.164402664458648,98.3967329791321,-738.173516583243,0.12766470669,0
-17.3068815502503,0.11684982573979,-168.568396752558,397.934455282937,-187.01107927364,-0.222314827113932,5.06144305391006,1.68031294854846,0.235377659968886,72.9155035386248,-301.55477230671,0.0125654052392861,0
-20.1370304953271,0.173860189930258,-0.466503244977503,660.108196738411,195.512065411735,-0.273112515239013,6.01856325351012,1.9845063053737,0.815411266224754,258.986092745503,-947.940405459845,0.00527728444593567,0
10.121027528965,0.126467584030248,-82.858387399021,447.162692310252,667.352373680336,-0.122215048988701,4.98728956442208,2.23399240054173,0.363699902390394,38.0837427239239,-943.305769359627,-0.0237694086290774,0
-8.94401119024999,0.152067595251757,441.854266640245,543.517445083544,106.166868203527,-0.232696615127391,5.28002530850465,1.85398151750563,1.34694508147966,237.310335843176,-1209.89768222641,0.00912216564146107,0
28.9687714885345,-0.0482488304629323,-92.1321915348472,-157.075630383461,715.070400102817,0.0134798604929789,-1.35014923425043,-0.661366593463316,0.0944652455787672,-353.789397751701,-324.493165468757,0.00334729684163859,1
0.194798069367031,-0.0953199342654233,-204.587669378752,181.364971304281,1172.23064540799,-0.0767597361245289,1.15971659544731,-2.05315549238611,0.136600478066075,-322.845749919934,-74.1827170909401,-0.158000205749418,1
0.263450695411838,-0.0721412972360418,42.4851427097583,74.4282897374251,854.202503767752,0.0853676162297483,3.83304127367512,-0.823790794265231,-0.0333776438148726,-397.622015287536,-368.777390487729,-0.0226371418386875,1
0.431189182961839,-0.0871710765258823,168.123673613216,304.409211371083,506.052381852391,0.00822026948063392,2.47785708267322,-0.507104194969305,-0.0146160400853206,-261.99532640643,-595.083133220758,-0.0260482456709221,1
0.324703749036609,-0.0147240976260505,-314.995683430277,-150.10287938223,745.009690539751,0.00974835211434488,1.50848975459143,-5.33230710876602,-0.126725711173211,-377.182807507592,-439.060207281154,-0.0550530832547578,1
0.239775828850965,-0.0218714347768769,-159.674839554404,79.980426503791,122.855513686914,-0.00989579029363918,0.891965985186957,-0.582264196895342,-0.0717696765727619,-115.648272083719,-814.400749934433,-0.0741038090359685,1
0.339573042794486,-0.0261641302619038,158.593867275713,300.252554154804,374.406259906817,0.103032170167282,5.56775200808123,-1.25025404572318,-0.0876683541631602,-337.787606444839,-348.971297754348,-0.0763123926020994,1
0.482105975989682,-0.0531075342254189,-200.241419658969,27.0681965962976,286.591169823039,0.0845999206377721,5.69390103759578,-1.22460561194526,-0.485815813140106,-120.67650462131,-411.830862192577,-0.164005309750332,1
7.87831319642623,-0.42775132598996,-347.51144508873,50.4546311336999,-82.0941795405051,-0.0652444826532546,0.745353898322755,3.78672990492408,2.08579626416943,-153.670186657127,-636.057759037989,0.0749358093334989,0
0.489275620040421,1.36399597872844,101.060623698351,279.632734711828,-149.391733784531,-0.106842339916993,0.652211980925195,1.02574607473465,0.135692483481132,-213.040896255729,-224.81127550207,0.0982088953010423,0
3.21229328029577,-0.149702306055925,176.504148317628,-32.036261372652,-57.1442412742945,-0.0510780011031948,11.3081107608719,0.588154141225756,0.0351794065612503,-417.97009244646,-239.662289920045,0.127618813355623,0
1.02481211632165,-0.0700387995610964,-89.7940917018259,176.517979683977,-241.7558054478,-0.128225024652845,14.0456704728596,-0.0639628600411891,-0.00306576205214106,-515.598907466847,-663.830516680307,0.06393812663068,0
1.84813164011632,-0.0815798756955262,17.9037465787005,142.52496465181,-725.38526268705,-0.0964995050877366,11.1836273295337,0.983506866397491,0.0343715867431471,-362.723836758894,-194.603509796962,0.124237826292149,0
1.53316717029546,-0.0454018827640665,-2.25153618898366,216.248688792426,-147.04968730041,-0.0990208230878999,3.45289598394522,1.10171906324461,0.0667272474248995,-427.900217373213,-670.7877730254,0.138080052703822,0
2.0539380515821,-0.0958524888250721,-53.1617603467967,10.3756776022092,-43.7854074218758,-0.10617967013652,4.41722909674547,0.232259213725783,0.0227755132707898,-585.365536580244,-21.5891724263329,0.197742319811607,0
5.67768613145976,-0.0681577922791262,-212.942212211437,401.119111416749,48.4698199239101,0.0169880279236363,4.60425863282477,0.425489423501435,0.031970405913373,-712.998548981421,359.439088182409,0.155850354469969,0
0.0670571628962931,0.0258010014084029,-174.288957233641,-72.3460958410342,773.067448898828,-0.0705042845192025,-14.6978895986598,-7.64292390530008,6.62234738184592,-222.416753414887,-605.252401590198,0.078784469581727,1
0.633469092617388,-2.79152042813823,-115.861784744271,-56.4673295464381,-149.934672622594,0.0566913296564739,-41.9022654852793,65.8979395195032,1.04525581800767,-496.919260928904,-621.133042197856,0.324721116479417,1
0.225552111560568,0.010910409310927,-710.728188781892,150.419410401271,652.439447833196,0.0367672843356148,-43.2242818045727,13.5036471038344,0.127401460035448,-307.863914240737,-198.922120548063,0.127603952812076,1
1.9671158907159,0.0485944050011395,-267.414834393279,15.7710096677165,560.886582187564,0.0708012309241162,-44.3250389956323,8.5811763081821,0.0907499006865188,-502.772298945003,-234.980026129479,0.171351336113753,1
3.99752129163646,-0.0121159365902692,-489.185435439143,307.108036383685,43.3427943605038,-0.0969910036760595,-44.0634932778694,13.3606545030781,0.128284380073671,-280.591286904857,-925.423568281607,-0.0998294983341474,1
1.43240473395069,-0.0377112963162138,-366.463605285726,103.557898146515,370.605534893415,-0.0609625324332486,-42.6465492521397,-8.07160694334589,0.0811097496014563,-466.124404736107,-386.00535752928,0.0578085835804019,1
2.52352875177299,-0.0683471059046009,-445.71562375278,273.497131900576,255.473120630131,-0.115429775369448,-42.0731372972456,7.85528288829871,0.133611448095394,-451.765627880961,-1362.08622722646,-0.0642376124939239,1
1.30762325069552,-0.030289384468692,-592.99964698668,142.512787631702,491.466747703887,-0.152265406361935,-40.3596241000102,6.49774368487522,0.209136480195607,-443.233767236705,-758.723965071964,-0.000914500613502511,1
-0.195942196784026,-0.539087957747793,-340.298389325066,790.500286682562,-1246.5350811291,0.0757761903927543,-1.71809648467501,13.1479744103696,-1.617639673865,-125.871331112026,-268.513692627816,0.106533628126092,0
-0.111463595999195,3.0337302185952,-670.966669411415,836.257826869391,-756.228635414727,0.295915663028393,-1.76767491743178,41.6745855478249,1.93076930865569,-497.214193172729,-609.781730186367,-0.120575189415302,0
-0.170336139354849,1.56551797613569,-188.560725766876,1042.13416607162,-976.378268554747,0.229014317455802,-2.66646459431257,9.93120905341149,-15.5575182478491,-203.470950778878,-495.267658355348,0.0232841575452207,0
-0.113174579657789,1.2025751057564,-453.450640151239,1047.53118652775,-471.634166131174,0.270762734050991,-1.73901496289897,-67.3118899191577,3.41812772275072,-200.754619785928,86.3604534273891,0.019581237388226,0
-0.100598207582006,-4.49328311844791,-526.9847553734,648.452444033206,-1824.62329065627,0.132343849280925,-2.79421419500055,11.8135334323505,-2.92201852442942,-361.466083725179,-554.480939628949,-0.0308695382865483,0
-0.094183506250944,-1.68036277440544,-144.038637480566,1002.81390057686,-1256.45289817216,0.282581415472452,-2.1058321923954,-18.113490849652,-5.69208570385727,93.8126876716997,-310.184920304971,-0.109519814645924,0
-0.103567394685173,0.920314820609104,-84.8233182553413,964.16459365437,-1120.83313354178,0.384555246382343,-3.09163634204014,9.45064159788772,23.1578167710179,-334.903563743725,-377.71109623512,0.0579653913832265,0
-0.131792431252879,-1.95762535826596,-171.528661102,959.282721115271,-658.589704103118,0.436289674059913,-2.7879396124473,19.1794482727186,24.7556078328506,156.930194575418,-72.7682527751313,-0.111434705456997,0
0.497580563850754,0.635028297528137,-419.792265476799,-44.742324680914,-1045.85449131163,-0.147217842369967,-0.121102419319202,-4.67006858043709,-0.783226244243258,-263.818702241382,-61.4161217884302,-0.199269748676011,1
-0.499952236434451,4.92359648154303,-250.28602891714,486.075166682454,-1242.25344481478,0.00929539068002194,-2.78135821916211,0.169751180910779,0.0885109744264614,244.527128875785,-416.3458438957,-0.33595701047533,1
-0.22931970391388,1.122439532136,-307.449827214696,212.785120970322,-1030.03624832219,0.0313954158875123,-0.724713158739849,-4.14523707945343,-7.97602948173668,-12.2156854730001,-267.485278544267,-0.0884812110463522,1
-0.3078205291666,1.46139285242762,-544.496795006915,292.327107135541,-2186.38591200596,0.140569730684891,-1.24982494550995,-7.72602037700683,2.26830332547479,-206.060389955272,-1005.22464883414,-0.0637166926713126,1
-0.272488490248227,-6.67670234775463,-212.533531612678,387.202012641532,-1009.25871801682,0.225254231441693,-1.39669522510566,-4.78036701779163,-1.5906286580132,1.65208520889973,40.9660250174165,-0.1122621933763,1
-0.388994089893202,-2.45340401884843,-233.455781469502,493.689570883647,-255.029745743501,0.276012356817877,-1.84525128545462,59.3572723900989,-3.93067447672491,-199.608624090552,-113.720207401482,0.00714259365504866,1
-0.506628315984457,1.67839555894498,-287.444988061528,359.162567531021,-1647.41265763744,0.305711305953791,-0.925517681747253,-2.28291425381443,12.5176732169881,-2.49509367272185,-273.636508702215,0.0449977237413703,1
-0.315112458867403,-1.90140499833296,-583.858568673517,411.386917413207,-2183.00653870958,0.236648603096356,-1.07781398570033,-1.81264468417301,13.4998938193033,1.62471170970093,-157.003734953716,-0.0884874568826004,1
24.5173990887312,26.6902798005882,139.711656294498,141.641988900243,-304.625175881034,-0.0969230271793386,-3.41391864987399,12.774213130183,-2.25280334573268,-80.9555090905997,-2215.54339238278,-0.00509981779688662,0
-130.986210841567,-34.7159090158121,178.803958180586,93.3069641232032,-645.258900131123,0.0853450175118167,-3.54981748084563,-59.2030221397972,-4.00391176801673,253.159166117453,-956.414452755669,0.142310307710748,0
81.3230519890503,-12.3357568615595,-261.430984596054,8.93989757747295,113.46063499457,0.131142973326825,-4.33911501780227,-253.804234103969,3.12244502434657,-93.618741737504,-2070.13270845597,0.249737162967921,0
-10.1423090870385,4.7022759428984,-54.6927658005188,123.45397731961,159.217458444706,0.0844167096607897,-0.11173048163122,-11.6782537043926,-1.60928101105499,-206.945572059392,-1550.54652564486,0.31164262732907,0
-20.883548631576,5.81460613483083,-299.910180223218,102.871436050413,-65.7184768407751,-0.0225941376309651,-7.09306030603986,-25.534362719494,-1.7245892067296,95.7879428711894,-1594.83788028372,0.350107471404466,0
41.6967868199538,9.12673930486755,232.533586628844,-8.67136549580755,-371.849154245512,-0.0768773795778954,-5.50078082184429,-44.9763172900922,-1.45356437795912,-171.842977843362,-1731.84643218691,0.218743569534465,0
158.121770619732,3.041205770213,-365.841144336331,16.1172354028022,521.188132671485,-0.017090078648943,-5.1949729017086,110.14896541957,-1.26476754453423,-458.475351348505,-1734.65330842874,0.367903875698177,0
89.5886944893435,-768.978363453602,-245.216029020894,54.5759382816323,-480.616242259057,-0.0062463672977886,-4.99257938707404,-372.120071653304,-1.58516029012609,-301.02578879584,-1915.53523559396,0.279023090436168,0
1.78475309892559,-8.07010568229684,21.418055397593,-177.729730099143,154.782344356199,0.124762897400919,0.418649669730254,-3.76200582035499,1.70670101073403,-85.6599067392217,-332.527294861906,-0.0685893394321537,1
18.6246331175501,13.1985860371432,-204.654258771317,-242.442166697085,822.299033895852,0.18274090752384,0.628976726342501,45.8928332304357,2.05216905848171,-724.02829499496,67.5650060461121,0.0495972399394411,1
8.47616619198942,2.82862674558636,349.020242215471,-122.229856393918,-773.329866868247,0.082957225787089,1.76712265045363,25.2841924732017,-0.77178891833654,-763.48050108437,-321.061327190007,-0.0308544519118037,1
-18.7061983598626,-1.80674916199268,164.314347461835,-305.779202501239,-312.032289025346,0.131413580058871,0.109268534930365,-4.71601908899302,0.890725149205436,-554.221936541267,783.078451257026,-0.0872502492046978,1
6.51197005049528,-2.40302304415972,194.720480510914,-75.1251615053661,454.754948972281,0.111139964013179,2.19248352623273,-87.4126389851455,1.68422935015667,-542.753827437307,259.022866017162,-0.16544712644715,1
19.0048387898178,-3.35331774873482,-84.5171024838855,-51.746590391027,-629.452793486034,0.171627301004124,1.08669644067676,104.620925951514,0.583712958665878,-483.714754176632,-779.792392343135,-0.0853047398899212,1
3.48268421712298,-0.471509379053006,266.088355342901,-50.608825145835,-733.008234530102,0.297346496514219,0.0533662058427176,-8.09852868631899,0.324793285601725,-384.99567059718,-279.982645587843,-0.0962262798351432,1
0.848110934765938,-31.8827151340573,99.7219312200723,47.815355884215,-171.557911357262,0.0748699577901348,-2.55632255655701,-0.948681426040658,0.109433684750697,-523.120813874331,165.234635485771,-0.0747292757211699,1
-23.3521513647583,-2.14513368173395,57.3820076542506,-248.478189649857,-955.017364341056,0.00709903925954691,-1.00216823510742,-12.240218337327,-0.888189969959819,-478.182207388043,-313.608001414135,-0.093736024033118,0
-23.0723227300002,-6.24523125891465,-479.272392904742,-192.65040317529,-343.927441958429,0.0576559819209606,-2.71988646611542,-9.45351184587664,-1.83202404175447,-199.849466727426,598.419596808932,0.196219827239124,0
-369.712511250159,4.5956855613872,-418.587180443441,-353.512145715313,313.68025756767,0.0507733317865733,-3.32580907342412,-21.717574932754,-1.32648868343627,-469.985044229379,109.776254985918,-0.0652808093394328,0
-60.1149035942334,4.9869852284816,-308.20229264833,-300.235361775398,-216.108419491982,0.0736353816836939,-4.38932405855184,-3.49573828877255,-0.124531855418142,31.5103980207623,-776.697113327256,0.0567122547102983,0
-29.7663110456113,10.011555264608,-530.975811206266,-280.733359233895,-168.017988893742,0.0867856916855643,-2.3597324828712,-7.93593574745475,-0.579918068974794,-406.705292348453,198.092823215187,0.159421351707973,0
-15.179758272331,3.64063101958337,-288.353033821175,-59.2843645746725,445.262354136568,-0.0830529501349262,-4.0072729695071,1.88306065644739,0.355896094610045,-684.148360661011,-818.664719033219,0.204824779604216,0
-17.3839790180621,6.2599233761375,-749.34428938479,-356.676939320809,-954.618529281091,0.00144073707305559,-1.92134588018269,0.0809921829871356,0.0294188244762562,-350.024388258536,-730.91176617219,-0.0304628984221722,0
-17.2813854445784,4.9458820743624,-759.886609888672,-95.7224064737457,-687.591824477557,-0.0856259959235346,-0.940785117376734,1.48699796660577,0.351579721124077,-429.54411900649,-734.136681479295,0.0392626827957341,0
42.0897687135597,-0.702104412139353,-508.900236464899,-189.371617389723,-165.47348629382,-0.103276754590247,0.199735861956054,-9.73260059579793,-0.628782221581162,-986.047595064574,-120.758387779337,-0.231942068642375,1
-25.0745437286714,-3.2063419568172,-376.450103651236,19.853943332193,-498.660656585398,-0.00135239337252058,-1.1227822119629,12.1457416144333,-1.74355692984462,-163.093571628953,-56.9363259257316,-0.106388500233405,1
41.0396533768618,2.45616159408113,-402.62923907639,247.958657861396,-826.353698574698,-0.0773092162203328,-2.67411275741625,9.62852094063776,1.72447985806404,-865.43123522532,-259.953860171316,-0.240836408532349,1
72.2081607924064,3.69736047176438,-686.384637972324,131.608830045718,-559.07987806979,-0.0170259276369746,-2.70679000190299,-29.3231469394539,-0.435272154216655,-365.589868005749,366.771392951494,-0.0815045843430449,1
-93.1432808381303,1.82614893446568,-707.027575770924,66.9046776420291,331.847964906843,0.0240795958031046,-2.23828355655187,826.831458925754,1.52962204355026,-760.19725218567,26.1669278122827,-0.0574574955035376,1
15.7835202170418,1.60224294593449,-826.98812750288,42.7111779834358,-50.6264003064425,-0.00996741083230956,-2.48504663357216,2.30842136931557,0.0957304771540117,-565.666903198839,1025.78467254504,-0.120384527037432,1
-252.229994065768,5.35203792808567,-364.151411080951,-339.917729269753,-1113.68709552311,-0.000991477921997941,-1.89950667151216,15.584791847727,-1.65650678344088,-592.170951732152,874.97842949951,-0.0125539811003788,1
-45.6827163735407,1.80700937201312,-493.355542838697,128.497077651002,-766.368391913174,-0.0377099592770636,-1.68564407187377,9.31562257785115,-0.106612822104898,-685.344898443711,794.750968858842,0.0087209681037641,1
25.8566994054913,-40.2019599963018,-495.384814061901,131.753235875001,-698.810789124522,-0.00566625624915318,-2.34397035183272,-211.35505741232,-74.552920246467,-330.023128895808,-712.315791561148,0.0757814310846028,0
109.584202089231,11.3393923804212,240.617367859273,623.373397196992,438.573629788149,0.00247996565580522,-2.88890177506567,-91.5665085933501,-42.1240452745593,-51.0977259638476,-77.4808686959022,0.684382433754925,0
-10.3862760600747,-52.3637433866741,44.5894272584155,617.432835660564,-61.2905833580735,0.0114790752138352,1.35790794961996,-13.5590248191461,43.7850726233974,-501.56852380511,-1621.43534049143,0.675785231617933,0
-23.2252311389917,39.4608594522819,-448.676191186027,338.73779278827,-470.673299961214,-0.0811217104669546,-3.28595376786037,-33.1665779906786,259.023137977547,-273.582735654547,50.8781299731181,0.763603209277136,0
-41.2727282499893,21.5582115578054,-212.477875292938,397.029250152826,338.732834971386,-0.0399489145644512,-1.86132069515837,-44.027023540904,-218.832381009091,-479.043854782438,-681.040861091793,0.526791139623652,0
-330.591374664305,-24.1245173368376,88.405863045944,-26.9518827732081,426.273284585524,-0.0168080763438252,-3.33628331523497,-349.273505390227,1291.47999632937,-299.281420035446,-309.410900336439,0.503921520651795,0
-5253.66297820812,17.6695025759495,-11.9194695941387,69.8874121672379,-474.415672864392,-0.0468350536467486,-4.69647413159535,307.661592703483,609.23975345644,21.6169576280736,-985.848551064602,0.583920735714532,0
52.5784319636118,89.2213632079827,-94.8966252697664,225.074167752859,-691.419359335643,0.141468966099128,-3.62713801904044,-271.799146194189,-29.3592278666276,-333.53268787633,-640.484369395741,0.625311238605942,0
490.263796010171,-84.0382195998535,281.841232874016,101.758764938208,140.990258212445,-0.0338570457785834,-1.20588144236929,46.2692368888555,-69.3857112347207,165.711085285353,1508.3367789794,0.0283007064563483,1
82.5782238717551,12.7245406503482,-128.135136440411,-64.4728998970131,-1422.67735562074,0.0210075340795441,-2.50900714690167,176.977677523038,-49.2827163226993,155.411506741368,91.0205673292767,0.327272677916659,1
63.8452881501703,-69.4394394360478,4.23292149953522,235.335371925783,-910.728663109241,0.14846444957794,-3.09085818173062,176.006382348657,50.4085213778187,-344.610872950247,329.296146978839,0.518143890807406,1
35.8813336719467,54.5766723793739,34.0249298168455,112.779739504451,-1102.33367005048,0.0197092461652337,-4.82608405825757,81.0894666910512,294.390108752176,-65.3279979483268,519.50631979444,0.472324325459418,1
38.9864113697928,31.6193188636426,137.529024443456,230.8453991476,-749.281273384891,0.132348872427269,-4.04564137895722,73.0865776602712,-252.529974423554,-222.125659855765,623.672614399853,0.464131817607876,1
33.671913989532,-33.7878681355965,28.8490407217869,-235.188748042643,-581.201057511305,0.0763054815930468,-5.13812049126151,75.2982326596671,1632.89839388362,-247.318025052651,502.180979576993,0.426584472577178,1
39.1301355700585,23.4621585938354,-356.402119782491,-107.946980141938,-1073.06910045592,0.0959560384467326,-4.36502633060976,86.5969231256901,655.816318406546,-65.7766488222715,1139.24675923302,0.228087508299621,1
22.4067507390381,79.8690793198511,103.300967882094,-101.770636910089,-1164.17319353501,0.0757078013642394,-2.60244278467066,73.6578508803525,-30.7003234222567,-204.637117165374,933.372316758003,0.110275644491618,1
15.8471595322353,29.069121909985,131.683555406918,-69.382233957278,866.705578122403,0.0920169454434889,-0.566341478244476,1.75020224913065,-0.292149173611215,80.2916298901073,1033.49092429325,0.112810104538545,0
67.5278278906874,-255.147372618236,57.3860047180824,-306.149699721915,116.56287559116,0.108503200290165,-0.61768922620529,-26.21850869328,11.2928204809431,-79.627668453295,1342.0330599891,0.230246202873365,0
51.7765890872217,196.563843531244,86.4656205370557,103.989937575076,-85.9193254473739,0.187110991045449,-3.00504613471851,-211.305368103274,2.3120803964913,391.84895007094,22.3611858287004,0.282953517725073,0
875.906396038815,-81.5851315195521,22.1065771152316,95.6712810433946,263.310969951202,0.201335688562887,-1.45960020118318,169.260201107309,3.87326382958305,278.770924542914,721.574112493658,0.175572588098815,0
53.3800198817762,-10.1898267475697,-235.258696930805,91.5808204787063,-194.565110127021,0.0192772966532977,-0.251614226115054,-69.7188741231072,7.64257659355988,160.648323374076,619.158912473229,0.0440382072022802,0
-264.755486517081,166.823605689332,184.59995460663,-54.4677274633541,-213.127982457556,0.141127261881978,-2.07562998292164,-51.6786291489874,3.42812875037528,52.2636509016611,-133.408990775619,0.100891700815803,0
35.1232785993955,76.0023259399004,302.504591514702,133.371505201691,516.121648820446,0.14865346007076,-2.30732000666432,68.2915543952085,4.48436684882894,363.773421041344,375.916549163037,-0.0960703896384114,0
31.0740850992457,-17.9129863122869,-66.3347097273418,139.875018523422,818.964359055177,0.00290876669714191,-2.95780216490245,-72.1099394498842,5.65914465536699,-21.4961883264059,773.76594234378,0.0448576295183267,0
-22.7749351556841,-22.6809488184077,-320.286413287256,-253.293380158504,-317.879585531631,0.15943305097282,-0.261309847856852,9.33856564415164,1.12158647798648,278.979694039032,-722.074523282574,0.160491448598527,1
1909.74512555392,-177.364527231451,402.605818273074,-357.36658531429,252.518818200122,0.155867845148093,0.533406329409358,-47.6317228533026,13.0908189667217,-60.2772382165258,-558.799804002956,0.184392959674522,1
71.230010147593,121.535668389034,104.278342854708,-289.144630095474,-264.835803157323,0.263131984252772,-0.175646874745111,-40.4900828164877,2.58086111447953,-112.735726910625,-468.736092568482,0.132306974194717,1
-139.850517005398,-54.2852833117948,258.764612873967,-7.53367246217931,-1633.35176992021,0.155826224068552,0.276270984829337,-98.3205995059477,4.80378848960963,-484.866148188463,362.375715088416,0.177649732611906,1
-27.1625768062924,-7.10349804706513,290.823628090076,-270.38728169931,-1670.51013146256,0.212463999615955,1.5735839463305,-33.2779788398199,9.3579764478954,-215.012293390299,-972.850878049858,0.165472881863945,1
-106.252540594752,114.563028676456,37.9624415212238,-145.968326792126,-290.106752027714,0.203003152820856,-0.222754710211992,-44.719272961752,4.39224924484939,-267.425776141892,-525.415022127623,0.186181604389817,1
-4.48249688851955,39.4453495819695,-14.4900121288501,-133.972070750291,-580.598748677341,0.0943107995400974,2.43936865409381,-12.4020055354084,4.73532712500002,-328.787806734907,-121.808983762297,0.361591452385909,1
-20.0095344405135,-11.418338749047,-166.973235935195,-272.659337944344,-225.133737366719,0.0688301362558947,0.95864215449021,-23.9445169635052,6.59589370630378,-105.428770000428,-665.64367399587,0.208031143079022,1
-0.515663688711035,0.0137894419501833,-41.6159315614423,290.127434374881,751.117891371432,0.0411037123638769,-0.849369003042559,21.709860537469,0.943363675876877,-209.397546633933,-970.511468748116,0.0404108956119495,0
15.2938505507504,34.7206806520526,200.277860403061,-24.752070020586,260.815457263128,0.0101128504369363,-3.32383721193952,75.5854409430914,5.40779787253869,-610.062272211742,-895.576981125369,-0.00141983341146945,0
21.0595110546788,108.996938358119,-69.3836547545998,-212.45718316579,878.483512118906,-0.11202100234778,-3.27229505493767,25.3103689213153,-5.21383517044417,-273.369687109649,-587.776245982845,-0.123874623220991,0
22.5858253704489,-92.3296458298813,-184.823048030394,323.31513723802,-148.471122940435,-0.0602060455446978,-3.69287333617614,56.4054391090631,39.3223999424687,-481.338839296395,-357.120632458826,0.0290548583712957,0
-50.2908593602694,-13.2546656395677,-80.65799871331,116.524909399952,1350.08430541195,-0.13824614310586,-3.43783111292806,-30.6504413900946,34.2342371732193,-442.804739591395,-543.199272843125,-0.0221662541811725,0
140.008901000678,150.932462588149,357.588417948908,249.349572629186,-558.794026306652,0.058163766143648,-1.99587485909643,-15.49870871609,7.90756399733818,-256.649843136858,57.6019708190597,0.0519342099041413,0
11.8480783409875,-9.39957609547586,-347.677517841888,-4.84956508505093,556.844921404776,-0.0209694747053555,-4.04401943714394,35.6989871086478,-23.944511446125,-389.142236816608,-406.430461913842,-0.103613705574231,0
-65.1232646452538,-28.2490872619876,55.5621544603673,126.040482596132,-456.612343309453,0.0228470073308866,-4.31543508381974,-250.427343134683,14.2482688761249,-408.939428611175,-673.433393304325,0.0349364738733975,0
8.10897811502467,3.66263306596288,-727.070191007684,-169.701446777581,1197.2164020098,-0.128065756997602,-0.969809831286721,9.93966011008986,2.47947027348834,454.85370352712,263.703499069037,0.271220739898141,1
8.49615205635604,42.1870189135532,-640.937079509504,-454.210477544286,873.60783944122,-0.227399447021129,-2.98099180242444,63.9766829021959,3.44545297229794,-149.193834929707,1433.06931190129,0.195005282361418,1
7.63233185069324,107.901037555278,-952.987804979095,-311.77846225921,1413.09706671157,-0.222412860340885,-2.73106404650179,10.9635089018651,-3.4445361942602,442.218545040598,1410.79721135799,0.249300929835474,1
6.74904856475113,-81.4066636105272,-317.060990264667,-161.570425265651,1548.98523784672,-0.167965663795781,-1.14086975519505,30.3942095580397,22.1122361728482,32.75871250419,588.233967069089,0.280383037058636,1
37.6421444004172,-13.4200976529658,-733.203213758921,-406.05034491464,2516.04672600294,-0.225487563837307,-0.21743310669261,36.9997175826214,22.1213266308647,434.594633185558,804.649164749249,0.390515476358082,1
8.2222302092754,153.687169480807,-693.638225298851,-210.452751458966,1466.39980484963,-0.244677456219029,-2.36695518118088,10.7481979147798,7.07626658935581,-21.206704279768,673.725872106334,0.24971893543574,1
36.8428128745537,-9.97849979635144,-994.984790500708,-211.757503632454,1616.24020487649,-0.288742956536599,-1.161899001794,66.9327623249399,-16.3644429039383,15.9077700453781,792.13870904702,0.277807986032393,1
7.94023696472212,-20.8345985936989,-1033.78827286587,-362.54560147572,1247.48951781629,-0.136245915982205,-3.46290824850098,11.0897772583466,9.19136247920251,-138.898480405243,995.948727427263,0.261088184682746,1
0.470105201861873,6.48780851657708,11.8639671201781,25.8471921760956,353.553613085423,-0.0438404308401292,-5.87966023147867,-5.55510380621743,-3.30929829762901,499.454328096457,-227.738872037922,-0.160331064198022,0
2.30449899669498,1275.05614377916,56.6822702220215,358.879054902111,-1473.10570612632,-0.0438349303840497,-8.6546064527383,1.18097378950427,-12.9743146183847,189.696075317617,-376.219377018941,-0.162204692304304,0
2.290333795696,3.15304978447769,-28.3659781463302,51.0240524107194,-418.264878969303,-0.0195162844463828,-6.11427858769192,1.12568196097101,-1.2361854920628,97.736377755753,-148.57355717145,-0.00590261852199481,0
2.04857322338671,2.54330994630039,423.127135931394,27.7206830665727,-534.341252539492,0.0128019621740716,-3.74671156674559,0.172604763862903,-0.248214976117469,874.01791056533,304.040667186186,0.0286295682628226,0
1.53723206055655,4.8859338536215,46.19767790279,-65.3258609704335,903.100844966408,-0.0404091189788844,-7.67465916894652,-0.154267241662354,0.15149895613172,388.575080403461,441.28679242945,0.0546050853643214,0
1.47326004825312,3.58868445916531,221.224071264596,15.162005551716,-498.033019413471,0.0216812339600141,-3.49367465697277,1.25557918576994,-0.710853159894588,367.464873614972,-66.4091759304629,0.017016321150646,0
1.80877758791575,3.82690814925893,261.764382205751,27.8893100369278,401.500768970345,-0.0150206607532288,-4.51438976785292,-2.37640720159577,1.01252720506772,130.293926434115,42.367279167469,0.0246172521589445,0
6.48391112329365,50.952851968477,80.7740630447861,-187.26750538592,-445.819545800525,-0.0178702892264648,-2.32557489300191,2.01047860491967,-2.43417620694223,482.819678686745,202.531975764201,0.0223157640083285,0
-20.9181928301202,28.3967024601064,557.955145904696,243.879523995833,-1011.28003925194,-0.0195890193153159,-3.65817560074602,-3.38565599152602,6.62311918366969,40.5405378401865,-316.34227825384,0.0189070726351499,1
-10.9332339949866,1453.44453584332,391.302483219035,145.875496624525,-85.0795774626022,-0.0766549229907065,1.0685986219988,6.96658972814298,-50.2632528940566,-119.292182396084,-64.2565781041922,0.0448611231605929,1
-13.6997156310994,4.26138201854101,321.543139146353,166.959730801796,-897.495430122426,0.0391935118092825,-1.10347909667441,18.570005306162,-3.9063986878615,119.681205497254,-519.502299523843,0.200911089632121,1
-10.3429953126157,3.66432380328631,-76.7093962735507,-15.1159031630123,-468.455312938695,0.0256493339318222,-1.76636862006926,8.35959544423253,-7.45286702416293,126.998199845839,-396.035281672797,0.0747872476275107,1
-10.1963893402869,6.75611351513295,-124.416140850406,423.627275865534,-1465.49831223433,0.109341777872792,-2.74544500706633,8.66872198820413,-3.66189991171225,-223.804308201925,-898.799276880811,0.0273856971932225,1
-10.7466623574744,5.10287442416511,424.906794078792,69.4163949952817,-915.595993403846,0.00536516314217561,-0.535952187965183,8.20642169544725,-2.89165125270265,44.6776901521425,-24.3949441362729,0.0375171710567477,1
-7.87514693796302,6.05701750081941,78.9456555756642,182.803355996619,216.498716206239,-0.00336263286829341,-2.11397491730415,11.2795501765134,-3.42885057265881,51.6522503252563,-264.347206286711,0.0553438535644672,1
-4.76518737244736,46.709794843153,482.514138169405,169.016070690386,-847.33894189284,-0.0361074226080564,0.702045071995606,-49.0169368628051,-4.72891327395984,200.238108676864,-543.280424147928,0.0495754439198577,1
39.709756553686,-4.03329398931242,-390.956832733924,-222.861456891369,-1173.30797397597,-0.133646832457414,-0.448671177035052,-12.8669305472127,1.05731507782658,-159.789392625857,112.054160948757,-0.0883982002161585,0
3.18347238366842,-3.17423854592747,-379.318646136329,-30.1153703848668,-908.726608754885,-0.0803529379564769,-2.06612579072635,11.1757186788041,2.47881138564306,-447.449378421039,-588.486603679909,-0.400045010653101,0
5.91213874582771,-7.4711672573161,-242.053566568455,121.363349405396,694.882136564658,-0.0387675036123216,-3.09023938086708,16.8609833578273,4.18435746279865,-548.064512605535,-626.761498633681,-0.242940592117427,0
43.0411658035601,-3.00157498402597,-124.114244757293,25.8086092726026,-1022.58913074774,-0.0485527098180834,-2.71868509710766,15.3764468426807,4.97574002405412,-255.827206295173,-96.7293541255203,-0.228641121655221,0
-277.544732408426,-1.5449796778252,369.93917932425,-2.74369723318523,-510.78756485092,-0.128981601891123,-1.43146832656136,-23.5211170131908,1.35231091969745,-436.28119617813,388.592001687379,-0.222002894692133,0
-46.48987456377,-6.68051532995675,-50.5642361924074,-187.010336452642,-145.906130292809,-0.109400051871345,-1.73800396190776,-6.95831063831151,1.77764630591235,179.835716915977,-284.083521746845,-0.132885228489633,0
-293.500249757504,-2.63274907909109,-285.919335893968,29.5699968145036,-699.013140148058,-0.0773091838747706,-2.19488579937856,-19.7261657899366,2.21371880093015,-149.403539851512,75.2067045956628,-0.23976694579788,0
66.2103305471962,-1.69421539549964,-221.458359439956,138.606952512064,-872.578896537911,-0.0166007467334106,-2.48759340956833,-58.2351487372081,5.75250721310948,-401.504410785294,257.977205758636,-0.277554388105898,0
-11.7429943991411,3.66730980444384,-134.915963291216,-144.740430076792,498.155323197579,-0.0529183251389584,-3.12846065384973,-6.70076472427846,-0.43535941880367,-237.834220521161,85.7243155103752,-0.206375606319756,1
-11.3622064282644,-5.57834966443144,-212.27705435922,56.5769420688212,289.443858866123,-0.0191041002750061,-2.96105213244598,-8.81055706410148,1.53586879950814,-50.0296109452793,54.1845453577953,-0.271999066472616,1
-3.09360211320674,-4.24884240722904,-94.7520885915692,216.162870933022,-596.566265737672,-0.0499555627566703,-2.80999128553601,-27.40737037608,2.12452131774267,-36.8095037242329,140.732449838679,-0.200711698419743,1
-9.25922534614239,-4.05666002546822,88.7020741986908,141.66674752158,302.460058323681,0.0895888401540437,-1.62033893678918,26.7341171537342,3.2215010951029,-175.248883678665,19.2309963752959,-0.38894511064703,1
-9.64432565808004,-3.1780045962567,-105.986457329669,37.431122157539,114.944295590038,-0.000239750488939094,-1.30534522974165,-6.03907166107004,0.779641449968053,-228.832545018809,59.1270076858182,-0.245475582345965,1
-8.08031367416626,-5.7998418936326,-208.724196561208,234.034150781677,-39.6595198527775,-0.0359581843039134,-2.68138866755123,-7.92144039562853,0.843604086036651,207.28856436891,173.294798634133,-0.140939419630643,1
-11.6000825832397,-3.01039556239074,128.759112132329,-136.843377197329,1186.14260660807,-0.0322568477767642,-3.88130636944424,-12.8118232832241,1.2535279927498,57.5920938433628,51.7686248930404,-0.363845434367068,1
-11.9970631788126,-2.27389104694096,21.4850184689421,-54.1706624066792,125.291987444471,0.0661896375699169,-2.97236362858222,-3.32841152565997,2.9675073281193,-234.569711866092,300.278061140203,-0.16944594864242,1
-3.66085371495391,3.68136594922391,-392.115405158451,-132.446092242553,81.4483879623076,-0.0014172590869399,-0.779629392733709,-5.5204937868215,-4.34437745967015,-162.296340087514,80.8235030568212,0.00361425033933127,0
-7.25435881408717,19.4509654087469,-134.688655301921,97.8466154688922,-54.0652677046019,-0.0327583419726549,-1.771978156795,-18.267243662963,-65.7733345496744,21.4340405348448,-779.642795868345,0.178581766021108,0
-19.0326144262997,64.5589588862363,-578.286344204931,-311.279129119754,-1433.11554631263,0.0684416799440744,-3.38019016282681,-13.6420795718731,-75.9028153682609,-10.7438231955621,-355.793844808562,0.26469936931372,0
-14.4278479401488,9.29851453704337,-37.5661442992568,-133.352770577101,-1394.70681117499,0.0202707894124297,-2.11855159949206,-15.7486289050888,-17.5264257239793,-233.74771791815,-691.656738650254,0.458297158919222,0
-15.3924726000314,18.6154626419326,-339.758679780658,292.823888826424,-160.616155119402,0.0321570212896627,-3.24735134776454,-14.6036690360278,-17.0366810435135,-436.760181079435,-134.83027577875,0.318327594302605,0
-17.8797735731256,-14.2465298124815,99.9294040432287,-173.346581909436,-228.276693940146,-0.0646898980934014,-2.35225507048436,-19.0246877773276,-23.1271357897076,-406.162944421534,-1254.51750109928,0.196853676447426,0
-15.4707853037276,-27.8331503665459,-412.702910237022,-226.559528517257,393.8024132713,-0.0230078146650565,-2.41297708960913,-14.9769831634951,-11.0317779251646,-78.8924619539594,-908.303129803513,0.306838355523864,0
-6.48616561185282,-18.3604135621271,-136.31527854066,126.472728303539,63.479927479133,-0.0492654237325847,-2.11453210408997,-10.649657450611,-14.341567891049,-21.0624648284884,-758.067877565309,0.178379060101998,0
-13.2793307430716,4.44987347046152,470.640484919388,-370.160066561371,-1143.76024340432,-0.00356839502227357,-1.73492854632058,-504.712508761554,2.77047955931964,-267.264616792687,21.8699939427825,0.105446701156697,1
-9.68342321325658,27.8606337694163,-15.6998408097152,-52.3586643973886,1244.14082444677,0.091741075619082,-3.59936567471806,-14.164068197207,-48.532753827776,280.901671673189,222.178302614124,0.344148676670416,1
-8.25936500311634,86.8264597581063,-152.917630219441,-21.4630915032867,97.1252182553253,0.0570507742871049,0.122694806109358,-14.4201663455432,-52.5917404534561,142.053703821444,249.282968333682,0.231406670967871,1
-14.0341245658456,12.0966929234482,211.606341358194,-200.813969442261,-221.131637370652,0.0264335592300995,-1.83041201492102,-24.0765055496096,-11.8675818324239,-434.799008376105,291.844785779749,0.210054036578119,1
-6.73100476209829,23.3593793902758,228.72213833346,28.7580801518925,349.569305116858,-0.0146452385780189,-1.6895909754191,-15.7218336059746,-11.7629397429428,-0.38625951200811,179.153223876059,0.253867609849177,1
-10.0455856471613,-22.4743276968592,140.033397265852,-165.965371136126,391.898852900957,-0.0516536091333091,-1.90306045282877,-14.9675916362253,-16.8807073848564,254.352877635309,337.278004883225,0.283372146145104,1
-7.23688670864132,-37.279662506105,-14.343560338506,-180.334329163654,1462.73040715307,-0.039911914476507,-2.28318324495044,-13.8581618660374,-7.20329251912052,-220.239512835773,754.497289573283,0.28541135278377,1
-7.50565484231216,-29.0567216592512,72.19050196022,-117.98761105889,-175.428056730279,0.13313711689727,-1.45370996157948,-17.7427169842397,-10.5226440149155,-302.527255354498,706.17141892393,0.188304934187947,1
2.07277950583614,0.297892084402326,82.0335374209208,-438.475793926915,77.044707200208,-0.136189361663347,-1.0177776032972,1.21767415919793,-0.102153393451423,218.706204418106,60.6669285580119,-0.0706980047409718,0
208.096391397077,-11.3324903401258,433.661414919054,82.6502976554402,-277.180067839432,-0.017102427254446,-1.47531723919363,22.7539280088793,-1.43465330830885,621.754399704887,-337.620731331297,0.0246945625492154,0
8.6817649767257,0.783421288759776,214.475049777402,-107.900037175463,219.290509108618,0.0182743426807326,-3.21234339848522,14.270086556561,-0.625234110925502,344.213243633638,346.051787546015,0.0498034460654031,0
34.3220646949387,-3.4966325735545,257.075765229842,-10.8162205346562,1156.10308037288,-0.0983537132088803,-0.765950953923243,21.5531683626644,-1.58807562792025,69.0921158638612,-46.350255029176,0.0760418110688912,0
10.0093474287038,7.17687314072452,470.629993131841,-156.178625454639,-992.208222679255,0.00959244886026855,-2.26818374623168,15.9778970721071,-0.486638097708735,180.054735168409,41.9403407857026,-0.00539838001160664,0
8.88556936086777,0.609003816466207,164.29918731667,-74.3579341221885,-559.92538416171,-0.100012816273727,-3.23213184753333,20.6712645733734,-0.510266043422016,472.615753842303,477.700836240987,0.0469417483283054,0
32.0854675338944,-42.9724296465355,239.973395928782,44.7606345773511,-606.61208772264,-0.133801948464999,-3.80698203568478,-33.348397515253,-0.660078751354583,170.237770300679,185.170005582329,0.0993210445461865,0
-11.1003023162612,-12.356023404226,-23.9668406656328,58.2000062402676,535.916670735725,-0.073226003896802,-1.88579677198134,19.554754237084,-0.526907822526193,293.960996370817,-635.357069322259,-0.173901877472361,0
234.634523646549,-2.30433401324342,-39.929320139745,87.0367020154445,584.235056273932,-0.0664199467096274,-1.18344951183819,16.7221646314596,-2.35627949876803,229.451871503368,1.94455141463732,0.011574170051484,1
7.79371473461822,-35.9482663331309,-42.7444454603137,-60.7786888859573,-403.474080834038,0.0709959085005836,0.170805003144244,42.2670917726879,-2.57209568859827,712.782104681191,-681.283898129741,0.117199757331632,1
-9.6412610935001,2.39622280880024,-350.393159747257,158.922156434295,-580.247668144722,0.0340697610393175,-1.92353438061512,49.5734296170714,-1.67849347131511,354.194678085016,227.155364679114,0.157844002697096,1
-8.2802999671832,-11.1141980488633,-325.851552958498,-27.8216776541012,-213.523208194039,0.11151121978903,-2.58060738179023,234.79573504358,-3.55444276650078,759.813503876516,232.409244354212,0.0959631435666122,1
-23.430256937708,35.4779752617703,-40.2295377173941,116.815955652455,-543.359931672405,0.0068697825713655,-1.59064477972482,40.9531091521846,-1.43288860565595,61.8564832544835,65.1874512012346,0.0561043812827426,1
54.9449489117083,5.72918365672333,77.3534055941527,180.546858366271,-510.047661775186,-0.128954905117179,-2.7559925423552,57.0079632539749,-1.29438153369697,432.764409343159,-119.470220117753,0.136935341851661,1
25.9599898729869,-68.4564661060119,-176.805063828611,192.795755256167,-527.954134030453,-0.058275087463115,-3.99569110127408,-203.277565536299,-1.17234787285623,649.237983676783,-388.732144166295,-0.036529603918082,1
14.9010162559606,-33.7363741699301,-4.42039607995684,397.719990025762,-58.2288066396377,0.0319992243487075,-4.22589883790295,23.5493334430047,-1.20903201502888,779.855628365262,-192.389884405928,0.0510340374629825,1
